category,name,rating,originalRating,reviewTitle,reviewContent,likeCount,upVotes
beli-harddisk-eksternal,Kamal U.,5,,null,bagus  mantap dah sesui pesanan,0,0
beli-harddisk-eksternal,yofanca m.,4,,null,"Bagus, sesuai foto",0,0
beli-harddisk-eksternal,Lazada Customer,5,,ok mantaaapppp barang sesuai pesanan.. good,okkkkk mantaaaaaaapppp ... goood,0,0
beli-harddisk-eksternal,Lazada Customer,4,,,bagus sesuai,0,0
beli-harddisk-eksternal,Yosep M.,5,,null,null,0,0
beli-harddisk-eksternal,Deden,5,,null,null,0,0
beli-harddisk-eksternal,Yeana,5,,null,null,0,0
beli-harddisk-eksternal,nurfarida,1,,ada pengirimn ntb bima,bima,4,4
beli-harddisk-eksternal,Fadjar B.,1,,,baru 10 bulan layarnya dah bergaris,0,0
beli-harddisk-eksternal,agung p.,5,,Barang bagus sesuai specs,"Pesan rabu sore,minggu sore sampe,,barang sesuai specs mantab,tks lazada",0,0
beli-harddisk-eksternal,Hendra W.,5,,null,null,0,0
beli-harddisk-eksternal,Lazada Guest,1,,Ini cicil pake apa?,"Mau tanya ini cicilnya pake apa ya,cc bkn?",7,7
beli-harddisk-eksternal,Yan M.,5,,Beli cash sesuai Harga di atas,Apakah TV. Tsb. Suda ada anti gores..,1,1
beli-harddisk-eksternal,Andry M.,1,,Pesanan tidak tepat waktu,Pengirim barang tidak sesuai janji. Katanya express 1 hari. Dari hari jumat barang sampai hari rabu. SeMoga barangnya awet saja.,1,1
beli-harddisk-eksternal,Leonard,4,,TV ok,Kualitas ok,1,1
beli-harddisk-eksternal,Lazada Guest,1,,Cara mendapatkan garansi,"Bagaimana tv LED saya merek Sharp 24 hitam LC 24LE170i sekarang mati total baru 2 bln kemana saya harus menghubungi dan meminta bantuan mohon kebijakan dan solusinya ,, so,alnya masih garansi kepada pihak lazada saya mohon bantuannya terimakasih!!!",14,14
beli-harddisk-eksternal,Bun D.,3,,null,Pengiriman super lama.. tapi datang juga sich,0,0
beli-harddisk-eksternal,Fadoli,5,,"Sharp HD LED TV 24"" - LC-24LE175I - Hitam",ok barang sampai dengan Baik.. smoga terus di pertahankan...,0,0
beli-harddisk-eksternal,Akun K.,5,,null,null,0,0
beli-harddisk-eksternal,rina,3,,pengiriman nya laaamaaaaa,null,0,0
beli-harddisk-eksternal,Ega,5,,barangnya sangat bagus. dan cepat juga. thank you lazada,null,0,0
beli-harddisk-eksternal,Lazada Guest,5,,Menanyakn cara ciciln,Kalau mau cicilan gmna cra nya??,5,5
beli-harddisk-eksternal,Fitriyansah E.,5,,Lima Bintang,barang sudah sampai dan bagus thanks lazada,2,2
beli-harddisk-eksternal,Lazada Guest,5,,Bagusss,Pengiriman cepat sipplahhh.......,5,5
beli-harddisk-eksternal,Lazada Customer,5,,null,Sampe Sekarang masih Ok ne laptop...,0,0
beli-harddisk-eksternal,DEUIS S.,5,,null,null,0,0
beli-harddisk-eksternal,Garna T.,3,,null,null,0,0
beli-harddisk-eksternal,Muhammad R.,5,,null,null,0,0
beli-harddisk-eksternal,Aushaf,5,,null,null,0,0
beli-harddisk-eksternal,Lazada Guest,5,,Good,Pengiriman cepat..  Packaging good..  Barang oke. Thnks seller Thnks Lazada,0,0
beli-harddisk-eksternal,Amarullah,5,,Good job,"Barang diterima dengan selamat.. Produk sesuai dengan deskripsi.. Barang nyape 3 hari ke pekanbaru,riau.. Terimakasih lazada dan kotakom pucang, laptopnya mantap..",0,0
beli-harddisk-eksternal,Hanurawan H.,5,,null,null,0,0
beli-harddisk-eksternal,Dwi,5,,TOP,"Senang belanja disini,pelayanan oke,barang sesuai ekspektasi..order senin hari selasa malam udah nyampe + di settingin sxan sama kurirnya...pokoknya top deh..thanks Lazada",1,1
beli-harddisk-eksternal,Rosalina S.,4,,null,belum test barangnya,0,0
beli-harddisk-eksternal,Wan D.,1,,Cape deh!,Sudah cape2 transfer tapi pesanan ditolak,0,0
beli-harddisk-eksternal,rusmana,5,,null,null,0,0
beli-harddisk-eksternal,Lazada Customer,3,,null,null,0,0
beli-harddisk-eksternal,dini w.,5,,"bagus saya suka, no tipu2...terbaik emangggggggüëç",null,2,2
beli-harddisk-eksternal,dwi H.,5,,null,null,0,0
beli-harddisk-eksternal,HARYATI,5,,harga bersahabat...kwalitas ok,null,0,0
beli-harddisk-eksternal,firman S.,4,,null,null,0,0
beli-harddisk-eksternal,nirmala O.,4,,null,null,0,0
beli-harddisk-eksternal,Anggun W.,5,,Lima Bintang,"Barang Ok, kualitas bagus dengan harga yg cukup miring, kualitas gambar juga ok, pengiriman lumayan, ga nyesel pokonya beli TV ini",3,3
beli-harddisk-eksternal,Fathin,5,,Ke Gresik bisa gak ya..???,Saya minat tapi kalau dikirim ke Gresik Jawa Timur bisa gak? Klo dr info pengiriman bebas tapi takut gk sampai.. Dan tanya apa ini sdh full HD apa blm? Terima kasih,31,31
beli-harddisk-eksternal,dendi i.,5,,null,null,0,0
beli-harddisk-eksternal,Eti A.,4,,Cilegon bisa nggak??,Pengn tivinya,1,1
beli-harddisk-eksternal,paramitha a.,5,,Lima Bintang,,0,0
beli-harddisk-eksternal,Lazada Guest,5,,puasss,Mantapppp barang nya,0,0
beli-harddisk-eksternal,Lazada Guest,3,,puassss,Barang mulusss mantapppppp,0,0
beli-harddisk-eksternal,Risa K.,5,,null,null,0,0
beli-harddisk-eksternal,Fuady S.,1,,Spesifikasi utama terdapat intel core i5,"Laptop ini memiliki spesifikasi yang bagus dan harga yang terjangkau, namun pada tab spesifikasi utama produk itu emang intel core i5 atau salah buat? Di judul dikatakan core i7",1,1
beli-harddisk-eksternal,Ramadhana,5,,"Bagus, diterima dengan aman.","Barang sampai dengan aman. Kemampuan laptop sesuai dengan yang di iklankan. Hanya saja, laptop datang dengan DOS sehingga harus di install sendiri windows nya. Overall, it's worth the money.",0,0
beli-harddisk-eksternal,Jendra,5,,Bagus,Barang sampai 2 hari dengan selamat dan sesuai deskripsi,2,2
beli-harddisk-eksternal,Ade P.,5,,Produk bagus,Harga sangat murah mantep banget,2,2
beli-harddisk-eksternal,Lazada Guest,3,,Entah benar atau enga,Murah banget itu enga salah kasih harga tau2 nati salah kasi info barang nya,1,1
beli-harddisk-eksternal,Lazada Guest,1,,Barang udah sampai,Barang udah sampai tapi pas dinyalain g bisa. Gmn pertanggung jawaban lazada?,0,0
beli-harddisk-eksternal,yusuf,5,,Yang bener yang mana? I5 apa i7??,,1,1
beli-harddisk-eksternal,Wulandary,5,,null,null,0,0
beli-harddisk-eksternal,Lazada Guest,4,,Cicilan,Klo dp1jt tanpa kartu kredit bisa gk? Brp bln pembayarannya dan sebulannya brp? -TerimaKsh,5,5
beli-harddisk-eksternal,Lazada Guest,1,,,untuk pemasangan di tembok apa ad pihak dari lazada yg memasang'a ? terima kasih,0,0
beli-harddisk-eksternal,I K.,5,,null,null,0,0
beli-harddisk-eksternal,Yoga T.,5,,Sesuai Dengan yang tertera,"Kapasitas HDD asli 1 TB, dan tanpa ada lecet di saat saya pertama kali membuka bungkus bubble nya",2,2
beli-harddisk-eksternal,Heri K.,5,,mantap,barang sesuai dengan gambar,0,0
beli-harddisk-eksternal,Lazada Guest,4,,Respon penjualan yg baik,"HD diterima dg packing bubble bagus, hanya tidak tertulis, barang elektronik, atw keterangan lain, agar penanganan lebih hati2 dan istimewa, ketika paket dalam perjalanan. Finally, 4bintang lhah...",1,1
beli-harddisk-eksternal,ACHMAD F.,5,,TOP,"Mantap gan Barang sampai dengan selamat , Packing rapih , pokok Mantap lah !",0,0
beli-harddisk-eksternal,Lazada Customer,5,,null,null,0,0
beli-harddisk-eksternal,Era A.,5,,null,null,0,0
beli-harddisk-eksternal,Bilqis,5,,Sip,Oke,0,0
beli-harddisk-eksternal,Dimas D.,5,,Kepuasan & Ketidakpuasan,"Saya sangat puas dengan barang.nya, kualitas barang sangat membantu HDD saya apabila jatuh dari atas, dan pengiriman rapi gk ada lecet kasih bintang 5 :) Dan Saya sangat tidak puas dengan peng",0,0
beli-harddisk-eksternal,Pembeli,4,,Bagus,Barang diterima dengan kondisi yang baik tapi packagingnya kurang,0,0
beli-harddisk-eksternal,KHAIRUNNISA.SYAN,5,,SESUIA DENGAN FOTO,"Suka banget sama barangnya packing nya rapi, pokoknya recomended banget buat kalian yg mau beli tas hardisk dengan kulitas bagus yah di sini",0,0
beli-harddisk-eksternal,Devi P.,5,,null,null,0,0
beli-harddisk-eksternal,hady,5,,null,null,0,0
beli-harddisk-eksternal,Naufal Y.,5,,null,null,0,0
beli-harddisk-eksternal,Antonio G.,5,,null,"Flashdisk ori, Packing bagus. Saya suka.Thx",0,0
beli-harddisk-eksternal,Lazada Customer,5,,null,aman cepat pula,0,0
beli-harddisk-eksternal,Lazada Customer,5,,null,null,0,0
beli-harddisk-eksternal,Lazada Customer,4,,null,Bagus ori kok cuma hanya aja 58 gb:( klo 63 gpp hilang 1 gb,0,0
beli-harddisk-eksternal,Ririn S.,1,,null,kapasitasy kurang bagusss aturany klw kosong g bnyakkk firusss tpi nieh bnyakkk firusss sangat kecewe,0,0
beli-harddisk-eksternal,Asrinur A.,5,,null,"Baguss bangett kurir nya jga ramah, cakep pula wkwk. Ini 64gb tp cmn 58 sekian gb tp gpp lah yah... Pokok nya recomended deh....",0,0
beli-harddisk-eksternal,ucen W.,5,,null,produk dah sampai kemasan rapih pengiriman cepat barang  bagus pembayaran cod tidak perlu diragukan lagi üëçüëç,0,0
beli-harddisk-eksternal,ucen W.,5,,null,barangnya bagus banget.. sesuai dengan gambar dn deskripsi.. pengiriman cepat.. bagus dn recomended bangt..üëç,0,0
beli-harddisk-eksternal,Andre A.,5,,null,"packing tanpa bubble warp. fisik no minus. Cuma 58 GB, bukan 64. ya lumayan",0,0
beli-harddisk-eksternal,Hendrii R.,5,,null,barang ok .. packing Rapii .. Kurir nya Ramahh .. Puass ..,0,0
beli-harddisk-eksternal,muchamad R.,5,,null,produk original mantap semoga awet,0,0
beli-harddisk-eksternal,Budi,5,,null,baik. sesuai ekspektasi.,1,1
beli-harddisk-eksternal,Lazada Customer,5,,null,üëçüëçüëç,0,0
beli-harddisk-eksternal,Lazada Customer,5,,null,null,0,0
beli-harddisk-eksternal,Lazada Customer,4,,null,null,0,0
beli-harddisk-eksternal,Lazada Customer,5,,null,null,0,0
beli-harddisk-eksternal,Brian A.,5,,null,null,0,0
beli-harddisk-eksternal,pratiwi,5,,null,null,0,0
beli-harddisk-eksternal,Dede A.,5,,null,null,0,0
beli-harddisk-eksternal,Izzal R.,5,,null,null,0,0
beli-harddisk-eksternal,Lazada Customer,5,,null,Barang nya oke makasih,0,0
beli-harddisk-eksternal,Ahmad K.,5,,null,Tumben ninja cepat pengirimannya,0,0
beli-harddisk-eksternal,Sudarso,5,,null,null,0,0
beli-harddisk-eksternal,ganirogy,5,,null,barang asli dan original terimakasih maju terus toko jet store,0,0
beli-harddisk-eksternal,Fadhila U.,5,,null,"Flashdisk nya bagus, sesuai picture, barang cepat sampai, kurir ramah",0,0
beli-harddisk-eksternal,ferry P.,5,,null,oke... mudah2an awet dan ga crash belum sempet d coba,0,0
beli-harddisk-eksternal,wisnu D.,5,,null,kapasitas cumA 58 gb ajaaaaa....  huft...,0,0
beli-harddisk-eksternal,Lazada Customer,4,,null,katanya 64 GB nyatanya cuman 58 GB,0,0
beli-harddisk-eksternal,Irine S.,5,,null,"thks ya barang sdh sampai,smga cocok",0,0
beli-harddisk-eksternal,Winarso Y.,5,,null,siippp...thank lazada,0,0
beli-harddisk-eksternal,Irman A.,5,,null,udah di trima ...barang OK Moga awet...,0,0
beli-harddisk-eksternal,Indra S.,5,,null,josss tenan,0,0
beli-harddisk-eksternal,lidia M.,5,,null,null,0,0
beli-harddisk-eksternal,Samuel P.,5,,null,null,0,0
beli-harddisk-eksternal,Lazada Customer,5,,null,null,0,0
beli-harddisk-eksternal,Lazada Customer,5,,null,null,0,0
beli-harddisk-eksternal,Herlina L.,5,,null,null,0,0
beli-harddisk-eksternal,Recvy,5,,null,"Ini ori, bagus tahan lama masih saya pake",0,0
beli-harddisk-eksternal,Sucipto B.,1,,null,kampret kaga kebaca!!,0,0
beli-harddisk-eksternal,Lazada Customer,5,,null,null,0,0
beli-harddisk-eksternal,Ari A.,5,,null,null,0,0
beli-harddisk-eksternal,Sandi,5,,null,null,0,0
beli-harddisk-eksternal,Lazada Customer,5,,GOOD,barang bagus quick respon hari ini pesan besok sudah sampai,0,0
beli-harddisk-eksternal,Asep P.,4,,null,null,0,0
beli-harddisk-eksternal,Muhammad I.,4,,null,null,0,0
beli-harddisk-eksternal,Tarmudi,5,,,brang cukup bagus,0,0
beli-harddisk-eksternal,Reuther J.,5,,null,null,0,0
beli-harddisk-eksternal,Siti F.,5,,null,null,0,0
beli-harddisk-eksternal,Mhd W.,5,,null,null,0,0
beli-harddisk-eksternal,Dias P.,5,,null,null,0,0
beli-harddisk-eksternal,Lazada Customer,3,,null,null,0,0
beli-harddisk-eksternal,Lazada Customer,5,,null,Sip mantap,0,0
beli-harddisk-eksternal,bay H.,5,,null,null,0,0
beli-harddisk-eksternal,purwati,5,,null,null,0,0
beli-harddisk-eksternal,Lazada Customer,5,,null,null,0,0
beli-harddisk-eksternal,Lazada Customer,5,,null,null,0,0
beli-harddisk-eksternal,Lazada Customer,5,,null,null,0,0
beli-harddisk-eksternal,Putra A.,5,,null,null,0,0
beli-harddisk-eksternal,Lie M.,5,,null,null,0,0
beli-harddisk-eksternal,Tumpal S.,5,,null,null,0,0
beli-harddisk-eksternal,Aldino W.,5,,null,null,0,0
beli-harddisk-eksternal,anggi A.,5,,null,null,0,0
beli-harddisk-eksternal,Ahmad F.,5,,null,null,0,0
beli-harddisk-eksternal,Nama P.,5,,null,null,0,0
beli-harddisk-eksternal,Pupung A.,5,,null,bagus ori!,0,0
beli-harddisk-eksternal,Bambang G.,5,,null,null,0,0
beli-harddisk-eksternal,Lazada Customer,5,,null,null,0,0
beli-harddisk-eksternal,ardi R.,5,,null,null,0,0
beli-harddisk-eksternal,THE N.,5,,null,null,0,0
beli-harddisk-eksternal,selvi H.,5,,null,null,0,0
beli-harddisk-eksternal,Siti S.,5,,null,null,0,0
beli-harddisk-eksternal,Lazada Customer,5,,null,null,0,0
beli-harddisk-eksternal,Desy C.,5,,null,null,0,0
beli-harddisk-eksternal,Saleh H.,5,,null,null,0,0
beli-harddisk-eksternal,Novan A.,5,,null,null,0,0
beli-harddisk-eksternal,Aobhie H.,5,,null,real good,0,0
beli-harddisk-eksternal,Dwi P.,5,,null,null,0,0
beli-harddisk-eksternal,Kejar K.,3,,null,null,0,0
beli-harddisk-eksternal,Yulianto A.,3,,null,null,0,0
beli-harddisk-eksternal,Satria F.,5,,null,null,0,0
beli-harddisk-eksternal,*i. P.,5,,null,null,0,0
beli-harddisk-eksternal,Ketut W.,5,,null,bagus,0,0
beli-harddisk-eksternal,Maswa A.,5,,null,null,0,0
beli-harddisk-eksternal,abdul M.,5,,null,good,0,0
beli-harddisk-eksternal,muhamad N.,5,,null,null,0,0
beli-harddisk-eksternal,sri H.,5,,null,null,0,0
beli-harddisk-eksternal,Jesa J.,5,,null,null,0,0
beli-harddisk-eksternal,Lazada Customer,5,,null,null,0,0
beli-harddisk-eksternal,Sriyana,3,,null,null,0,0
beli-harddisk-eksternal,Leonard P.,5,,null,null,0,0
beli-harddisk-eksternal,Lazada Customer,5,,null,null,0,0
beli-harddisk-eksternal,bondan I.,5,,null,null,0,0
beli-harddisk-eksternal,Lazada Customer,2,,null,null,0,0
beli-harddisk-eksternal,Lazada Customer,2,,null,"pengiriman sangat lama, tgl 19 di pesan, tgl 22 barang baru dikemas, tgl 23 baru diambil ekspedisi, tgl 25 baru sampai. Masih dijabotabek tapi lama.",0,0
beli-harddisk-eksternal,hadiyanto,1,,"barang pecah dikirim, payah ni seller","barang tanpa kemasan, tanpa pelindung apapun, hanya dus tv saja, liat dusnya sobek dikit sudah mulai curiga, kayaknya pecah ini, eeeeellllaaaa pas dibuka pecah beneran, BAD SELLER, BENER BENER BAD SELLER MAU UNTUNG AJA, tanpa peduli keadaan produk , kalo gak ada untung n pelit pakingan ya jgn jualan ....barang sudah retur , mudah mudahan barangnya cepat di kirim lg d",27,27
beli-harddisk-eksternal,Fajar H.,4,,Brng Utuh diterima,"Barang diterima pada hari akhir yg dijadwalkan, yaitu malam hari. Kondisi barang terlindungi dengan packing bawaan unit.  Kualitas unit adalah kualitas Sharp. Semoga awet. Bila unit ini dikirim dari gudang Lazada di Bogor, mestinya bisa lebih cpt tiba, bukan pada hari akhir yg dijadwalkan karena alamat tujuan juga di Bogor.",4,4
beli-harddisk-eksternal,aryanto,4,,sesuai pesanan,masukan saja.. klo bisa packingnya jangan asal.. dikasih buble wrap minimal.. ini cuma dipacking pakai plastik biasa.. sempet khawatir pecah.. tpi untung gk terjadi . ..,0,0
beli-harddisk-eksternal,Heri S.,5,,null,null,0,0
beli-harddisk-eksternal,Abdul A.,4,,,pesanan sesuai dgn yg di gambar .....skrg sy lg coba smoga awet...,2,2
beli-harddisk-eksternal,Edi S.,2,,Pengiriman,Pengiriman tidak sesuai tanggal yang tertera,18,18
beli-harddisk-eksternal,Lazada Customer,5,,null,sesuai... no tipu2,1,1
beli-harddisk-eksternal,Pohin,5,,null,barang ok packing rapih,0,0
beli-harddisk-eksternal,Nilam R.,5,,null,"Barangnya sampai dengan cepat, bagus, terimakasih lazada.",0,0
beli-harddisk-eksternal,Pohin,5,,tv murah,"pengiriman cepat packirng rapih harga murah, free ongkir",0,0
beli-harddisk-eksternal,ming F.,5,,mantapp,mantapp barang nya sesuai pesanan,0,0
beli-harddisk-eksternal,kiky p.,1,,Parah,Jangan pernah beli disini..parah banget..barang belum sampe udh 2 mi ggu alesan nya gak jelas gangguan dll..,27,27
beli-harddisk-eksternal,Muhammad A.,1,,"pengiriman lama pisan,  katanya dr kurir, pengirimannya ga pake exspres",hati hati ini tv ga bisa pake USB,0,0
beli-harddisk-eksternal,Kusnadi,3,,null,null,1,1
beli-harddisk-eksternal,Lazada Customer,5,,null,null,0,0
beli-harddisk-eksternal,Yan T.,5,,null,null,0,0
beli-harddisk-eksternal,ARIF B.,5,,null,null,0,0
beli-harddisk-eksternal,Akasia P.,5,,null,null,0,0
beli-harddisk-eksternal,Indah P.,5,,null,null,0,0
beli-harddisk-eksternal,tjhong K.,5,,null,null,0,0
beli-harddisk-eksternal,Jovan R.,5,,null,null,0,0
beli-harddisk-eksternal,Harris H.,5,,null,null,0,0
beli-harddisk-eksternal,Lukas P.,5,,null,null,0,0
beli-harddisk-eksternal,Harris H.,5,,null,null,0,0
beli-harddisk-eksternal,Harris H.,5,,null,null,0,0
beli-harddisk-eksternal,Harris H.,5,,null,null,0,0
beli-harddisk-eksternal,lukas P.,5,,null,null,0,0
beli-harddisk-eksternal,lukas P.,5,,null,null,0,0
beli-harddisk-eksternal,Hendry,5,,null,null,0,0
beli-harddisk-eksternal,tjhong K.,5,,null,null,0,0
beli-harddisk-eksternal,Lukas P.,5,,null,puas,0,0
beli-harddisk-eksternal,Akasia P.,4,,null,null,0,0
beli-harddisk-eksternal,Akasia P.,4,,null,null,0,0
beli-harddisk-eksternal,Lukas P.,4,,null,null,0,0
beli-harddisk-eksternal,Lukas P.,4,,null,null,0,0
beli-harddisk-eksternal,Akasia P.,4,,null,puas,0,0
beli-harddisk-eksternal,Jie L.,5,,null,null,0,0
beli-harddisk-eksternal,Akasia P.,4,,null,null,0,0
beli-harddisk-eksternal,Akasia P.,4,,null,null,0,0
beli-harddisk-eksternal,Akasia P.,4,,null,null,0,0
beli-harddisk-eksternal,Akasia P.,4,,null,null,0,0
beli-harddisk-eksternal,yoppy H.,5,,null,null,0,0
beli-harddisk-eksternal,ming F.,5,,null,mantap,0,0
beli-harddisk-eksternal,ming F.,4,,null,mantap,0,0
beli-harddisk-eksternal,teno,4,,null,null,0,0
beli-harddisk-eksternal,Salbiah,5,,null,null,0,0
beli-harddisk-eksternal,Lazada Customer,5,,null,null,0,0
beli-harddisk-eksternal,Soleh h.,5,,null,null,0,0
beli-harddisk-eksternal,dede S.,1,,null,null,0,0
beli-harddisk-eksternal,Lazada Guest,3,,yuda,Sangat puas dengan produknya. Terimakasih..,14,14
beli-harddisk-eksternal,Amel F.,5,,null,null,0,0
beli-harddisk-eksternal,Maharaja H.,4,,null,null,0,0
beli-harddisk-eksternal,Risa W.,5,,null,null,0,0
beli-harddisk-eksternal,Fitriyansyah,5,,Pelayanan,"Memuaskan, produk sesuai deskripsi, packing bagus, dan penerimaan produk cepat untuk saya yg berada di jkt",0,0
beli-harddisk-eksternal,Sahrul A.,3,,"Kurang puas..,","Kenapa chargernya tidak lengkap....?? G bisa langsung dipakai buat charger..., kita harus nyari dan beli lagi sambungan buat chargernya.., tolong d bantu",0,0
beli-harddisk-eksternal,Dani,1,,Laptop lenovo,Ini spek ram.nya 2GB atau 4GB,0,0
beli-harddisk-eksternal,Rayndra A.,1,,FLASHDISK BEKAS WKWKWK  :D,"GAN SAYA SARANKAN UNTUK LEBIH BERHATI-HATI DALAM MEMBELI, FLASHDISK YANG DIKIRIM KE SAYA ADALAH FLASHDISK REKONDISI (DAUR ULANG BEKAS).  JANGAN TERTIPU OLEH HARGA. MAS DOSA MAS BOHONG. DI FLASHDISKNYA ADA TULISAN NAMA ""ARYO"" YANG SENGAJA DIHAPUS TP KURANG BERSIH. FILE YANG DIKIRIM KE FLASHDISK JUGA ERROR. MAKAN DUIT HARAM MAS. KENYANG TP GA BERKAH.",0,0
beli-harddisk-eksternal,Satya P.,2,,Sering corrupt,"Barang cepat sampainya. Kualitas FD kurang bagus, file yang di copy sering corrupt.",0,0
beli-harddisk-eksternal,Hendri,1,,null,Palsu,0,0
beli-harddisk-eksternal,Devvy A.,5,,null,null,0,0
beli-harddisk-eksternal,DHEA P.,5,,VERY NICE,VERY GOOD,0,0
beli-harddisk-eksternal,Tjan H.,1,,barang kw,"korup terus klo di copy ke fd,mengecewakan",0,0
beli-harddisk-eksternal,ni P.,5,,null,null,0,0
beli-harddisk-eksternal,Pieter C.,5,,TOP BGT,"hardisknya keren, pelindungnya kokoh , udah ada aplikasi transcend elitenya di dalam untuk enkripsi thanks seller and lazada",0,0
beli-harddisk-eksternal,zara,4,,Barang sudah mendarat dengan selamat,"Sampainya agak lama tapi puas, packing rapi dan pas dateng warnanya biru seneng banget gan hehe. Top deh semoga awet barangnya",0,0
beli-harddisk-eksternal,Maesaroh,5,,Bagus,"Trims Lazada & reseller, , barang sdh saya terima senin siang, penigiriman sesuai dengan yg di informasikan.",0,0
beli-harddisk-eksternal,Uli,5,,bagus,sesuai spek yg saya mau.. jd oke lah,0,0
beli-harddisk-eksternal,bahari,5,,Rekomended,barangnya bagus.  rapi tidak mengecewakan.  akan tetapi bagus kalau ada Bonus pouch nya.  hehhe,1,1
beli-harddisk-eksternal,Temon,5,,,"barang udah sampe gunn,, masih segell dari pabriknya,, mangstabb,,",0,0
beli-harddisk-eksternal,Yaya S.,5,,,barang tlah diterima kondisi baik,0,0
beli-harddisk-eksternal,Fidel A.,5,,null,null,0,0
beli-harddisk-eksternal,Mbah K.,5,,null,mantap,0,0
beli-harddisk-eksternal,Anggun B.,5,,mantaaabs barang ok,null,0,0
beli-harddisk-eksternal,Lazada Customer,5,,null,null,0,0
beli-harddisk-eksternal,Harun Z.,4,,null,null,0,0
beli-harddisk-eksternal,Lazada Customer,5,,null,null,0,0
beli-harddisk-eksternal,Nicho P.,5,,null,"Barang sesuai deskripsi,penjual ramah,respon cepat..",1,1
beli-harddisk-eksternal,Muhammad R.,5,,null,"Packaging rapi, flashdiksnya ORI, kapasitasnya sesuai dengan detail produk yang dicantumkan dan foto dengan barangnya sesuai + barangnya datang sesuai tepat waktu. Makasih ya.. üòò",0,0
beli-harddisk-eksternal,Johann S.,5,,mantap,"flashdisknya sudah diterima dengan baik. kapasitas total 58,544,586,752 bytes dengan FAT32. menjadi 62,885,724,160 bytes kalau diformat dengan exFAT. write speed 10MB/s dan read 30 MB/s dengan port USB 2.0, belum dicoba dengan port usb 3.0.",1,1
beli-harddisk-eksternal,Dian A.,5,,null,"Terima kasih, barang bagus dan respon penjual sgt baik.",0,0
beli-harddisk-eksternal,Elisa P.,5,,Oke,"Barang sudah diterima dgn baik. Packing rapih. Tp isinya cuma 58GB. Selebihnya, oke",1,1
beli-harddisk-eksternal,Michael O.,5,,recommended,pas cocok buat anda semua. bgus. sesuai deskripsi.,0,0
beli-harddisk-eksternal,Warya,5,,null,null,0,0
beli-harddisk-eksternal,Wawan D.,4,,null,null,0,0
beli-harddisk-eksternal,Lazada Customer,5,,null,null,0,0
beli-harddisk-eksternal,Siti N.,5,,null,null,0,0
beli-harddisk-eksternal,Lazada Customer,5,,null,null,0,0
beli-harddisk-eksternal,Birger,5,,null,null,0,0
beli-harddisk-eksternal,ANWAR T.,5,,null,null,0,0
beli-harddisk-eksternal,ahmad T.,5,,null,null,0,0
beli-harddisk-eksternal,Novi A.,5,,null,PUAS,0,0
beli-harddisk-eksternal,achmad J.,5,,null,null,0,0
beli-harddisk-eksternal,Yanti,5,,ok banget,"flashdisk 64gb casing metal, baguss",0,0
beli-harddisk-eksternal,Lazada Customer,5,,null,null,0,0
beli-harddisk-eksternal,Lazada Customer,5,,null,null,0,0
beli-harddisk-eksternal,rizki E.,5,,null,Sesuai deskripsi,0,0
beli-harddisk-eksternal,fauzi A.,5,,null,"barang dah sampai, makasih",1,1
beli-harddisk-eksternal,Lazada Customer,5,,null,mantap barang gak minus sama sekali,0,0
beli-harddisk-eksternal,Febian M.,5,,null,"pengiriman cepat, packing cukup bagus",0,0
beli-harddisk-eksternal,Dirawan,5,,null,Biarkan bintang yang berbicara ... üëåüëç,0,0
beli-harddisk-eksternal,Erwin J.,5,,null,"Barangnya ok, cepat sampai",0,0
beli-harddisk-eksternal,Lazada Customer,5,,null,"Pengirimannya cepat, produk baik",0,0
beli-harddisk-eksternal,Chandra K.,5,,null,Barang  sesuai dengan deskripsi dan berfungsi baik.,0,0
beli-harddisk-eksternal,Lazada Customer,5,,null,"sampai cepat, barang sesuai.",0,0
beli-harddisk-eksternal,dwi S.,4,,express,dikirim hari berikutnya dan barang mulus,0,0
beli-harddisk-eksternal,Andrari G.,5,,null,null,0,0
beli-harddisk-eksternal,tetty N.,5,,null,null,0,0
beli-harddisk-eksternal,Septria I.,5,,null,null,0,0
beli-harddisk-eksternal,Dave M.,5,,null,null,0,0
beli-harddisk-eksternal,Fabiola A.,5,,null,null,0,0
beli-harddisk-eksternal,Lenka B.,5,,null,null,0,0
beli-harddisk-eksternal,Lazada Customer,5,,null,null,0,0
beli-harddisk-eksternal,Anggoro E.,5,,null,null,0,0
beli-harddisk-eksternal,Zaldy C.,5,,null,null,0,0
beli-harddisk-eksternal,Lazada Customer,5,,null,null,0,0
beli-harddisk-eksternal,Willyanda N.,5,,null,null,0,0
beli-harddisk-eksternal,herry P.,5,,null,oke,0,0
beli-harddisk-eksternal,Erlin D.,5,,null,null,0,0
beli-harddisk-eksternal,Lazada Customer,4,,null,baik,0,0
beli-harddisk-eksternal,inge,5,,null,null,0,0
beli-harddisk-eksternal,Atika N.,5,,null,null,0,0
beli-harddisk-eksternal,SURYAWAN,5,,null,null,0,0
beli-harddisk-eksternal,Alwan P.,2,,RAM?,ram 8gb atau 4gb?,0,0
beli-harddisk-eksternal,Kurniawan,5,,TV LED dengan beragam input!,"TV LED dengan pilihan input yang lengkap (HDMI, DV, VGA). Kami beli untuk keperluan kantor yang penggunaannya bisa multi-source. Panasonic satu-satunya merk yang menyediakan fasilitas ini (sepanjang pengetahuan kami). Kualitas gambar juga bagus, dengan bezel tipis yang memberikan kesan ""lega"" ... extra bracket memudahkan pemasangan di dinding. Bravo Panasonic!",12,12
beli-harddisk-eksternal,Adi h.,5,,null,null,0,0
beli-harddisk-eksternal,hanif s.,5,,Mantap,Cuma butuh waktu 12 jam unit tiba.. thks,0,0
beli-harddisk-eksternal,Rosana U.,1,,Kalo mau cicilan gmn caranya?,Mau cicilan gmn caranya6,30,30
beli-harddisk-eksternal,Lazada Guest,3,,Mau nyicil dong.. proses nya susah nggak??,Nyicil dengan cara mudah prosesnya susah nggak,6,6
beli-harddisk-eksternal,Lazada Guest,5,,Barang mantap sesuai pesanan..,Pokonya puas..,0,0
beli-harddisk-eksternal,Muhammad R.,5,,Puas bgt ^_^,"Puas bgt pengiriman sesuai jadwal, barang bagus, packing rapih buat maen game enak bgt hihii, murah lagi, tenkyu lazada",0,0
beli-harddisk-eksternal,Gani R.,3,,Saran,Saya igin pesan tapi packingnya kalo bisa harus rapih dan aman jadi barang terlindungi. Untuk saat ini bintang 3 nanti kalo barangnya udah diterima dan bagis jadi 5 bintang,0,0
beli-harddisk-eksternal,Theodore L.,4,,"Mantap, awet. Sayang warnanya gampang kotor.",null,0,0
beli-harddisk-eksternal,Lazada Customer,3,,null,"Saya kurang yakin produk ini genuine karena hologramnya pun tidak ada dan kartu garansinya pun tidak ada..hanya keterangan saja di dusnya bahwa barang ini Original Resmi Indonesia Bergaransi ..dengan diberi nomor telpon Service Centernya.... Memory yang tersedia ternyata juga tidak sampai 2 TB tetapi 1.81 TB  selisih 0.19 TB ...besar banget selisihnya..tidak mungkin juga terpakai untuk sistemnya sampai begitu banyak...tapi tidak begitu masalah...  Eksternal hardisk ini bekerja bagus, cepat dan  Hadiah hardcase cukup bagus  untuk melindungi barang  ini dari debu dan benturan. Sayangnya saat di registrasi ke Official Webnya WD ternyata Identification Numbernya tidak dikenal..tidak valid...alias barang ini bukan asli..alias KW.. Seller responsif sayangnya tidak memberitahu asli tidaknya barang ini. Pengiriman terhitung cepat..dalam 2 hari barang sudah di tangan.. Mudah2an saja barang ini awet wslaupun tdk original",0,0
beli-harddisk-eksternal,Lazada Customer,3,,null,barang bagus peking rapih. gua rekomendasikan banget lah klo barangnya.cma sayang pengiriman lama kaya ampas jne dioper sana sini barang gua ga ga muncul2 harus di komplen dlu cs ny kali baru ngerti. mending buat pengiriman lain deh lbi bgus,1,1
beli-harddisk-eksternal,Dovicky A.,5,,null,"Mantab, speed konsisten, total size asli 1.81gb, pas. Sejauh ini masih normal digunakan. Nice job seller n Lazada üëçüèª",0,0
beli-harddisk-eksternal,Ruli W.,1,,null,"barang belum terima....pihak lazada bilang sidah diterima. cek di JNE lhoksukon aceh utara barang tidak ada...ada masalah, petigasnya tdk ramah, dan tdk ada solusk. mana yg benar. email ke CS JNE sama CS Lazada tdk ada reapon. bagaimana nasih barang saya harga 1 jt an",1,1
beli-harddisk-eksternal,Keong I.,5,,null,Smuanya mntap..,0,0
beli-harddisk-eksternal,Yuli S.,5,,null,"pengiriman cepat, hr ini kirin lusa udh terima. packing rapi pake bubble jg. kwalitas product oke. Tq.",0,0
beli-harddisk-eksternal,Lazada Customer,5,,null,null,0,0
beli-harddisk-eksternal,denys T.,5,,null,Saya rekomendasikan beli disini,1,1
beli-harddisk-eksternal,Lazada Customer,5,,null,null,0,0
beli-harddisk-eksternal,Rusli C.,5,,null,sudah sampaiii,1,1
beli-harddisk-eksternal,Lazada Customer,5,,null,"warna sesuai pesanan, spek persis, ok dah",0,0
beli-harddisk-eksternal,faesal K.,4,,null,"thanks, respon cepat Hdd Ext 2TB sampai sesuai pesanan.",0,0
beli-harddisk-eksternal,Rahmat M.,5,,null,"Original, Packing rapi.",0,0
beli-harddisk-eksternal,tetty N.,5,,null,Barang good condition and delivery ok,0,0
beli-harddisk-eksternal,Tias A.,1,,null,null,0,0
beli-harddisk-eksternal,Januar A.,5,,null,null,0,0
beli-harddisk-eksternal,Elida S.,5,,null,null,0,0
beli-harddisk-eksternal,saepudin,5,,null,null,0,0
beli-harddisk-eksternal,Lazada Customer,5,,null,mantap,0,0
beli-harddisk-eksternal,Lazada Customer,5,,null,null,0,0
beli-harddisk-eksternal,Yusuf W.,5,,null,null,0,0
beli-harddisk-eksternal,Lazada Customer,5,,null,null,0,0
beli-harddisk-eksternal,yudho S.,5,,null,null,0,0
beli-harddisk-eksternal,Lazada Customer,5,,null,null,0,0
beli-harddisk-eksternal,Benivan J.,5,,null,null,0,0
beli-harddisk-eksternal,Ervan I.,5,,null,null,0,0
beli-harddisk-eksternal,Albert A.,5,,null,barang oke,0,0
beli-harddisk-eksternal,Lazada Customer,5,,null,null,0,0
beli-harddisk-eksternal,Lazada Customer,5,,null,null,0,0
beli-harddisk-eksternal,Lazada Customer,5,,null,null,0,0
beli-harddisk-eksternal,Andhy H.,5,,null,null,0,0
beli-harddisk-eksternal,Lazada Customer,4,,null,null,0,0
beli-harddisk-eksternal,Arif W.,5,,null,null,0,0
beli-harddisk-eksternal,Bill L.,5,,null,null,0,0
beli-harddisk-eksternal,Lazada Customer,5,,null,null,0,0
beli-harddisk-eksternal,Lazada Customer,5,,null,null,0,0
beli-harddisk-eksternal,Lazada Customer,5,,null,null,0,0
beli-harddisk-eksternal,Lazada Customer,5,,null,null,0,0
beli-harddisk-eksternal,Winnie K.,5,,null,null,0,0
beli-harddisk-eksternal,Herda W.,5,,null,null,0,0
beli-harddisk-eksternal,Vian B.,4,,null,"Foto produk sesuai dengan asli. Warna birunya bagus. Saya pesan, dan bayar produk ini pada tanggal 21 Oktober 2018, dan produk ini datang pada tanggal 23 Oktober 2018 dalam kondisi baik, dan berfungsi untuk Macbook Pro saya meskipun saya harus format dahulu. Saya mendapat bonus poket untuk external HDD saya ini. Mudah-mudahan produk ini awet. Terima kasih Lazada.",0,0
beli-harddisk-eksternal,Lazada Customer,5,,null,"Packing rapi dan pengiriman tepat waktu. Sejauh ini berfungsi dengan baik, harapannya semoga awet ni barangüôè",0,0
beli-harddisk-eksternal,Deni A.,5,,null,"Barangnya bagus, kecil/compaq, dan packing baik",0,0
beli-harddisk-eksternal,Thomas D.,5,,Western Digital WD My Passport New Design 4TB,good Product with reasonable Price,0,0
beli-harddisk-eksternal,Lazada Customer,5,,null,null,0,0
beli-harddisk-eksternal,arisp,5,,null,null,0,0
beli-harddisk-eksternal,Ahmad H.,5,,null,null,0,0
beli-harddisk-eksternal,Lazada Customer,5,,null,null,0,0
beli-harddisk-eksternal,Lazada Customer,5,,null,null,0,0
beli-harddisk-eksternal,emilham M.,5,,null,null,0,0
beli-harddisk-eksternal,Fan T.,5,,null,null,0,0
beli-harddisk-eksternal,Lazada Customer,5,,null,null,0,0
beli-harddisk-eksternal,Lazada Customer,5,,null,null,0,0
beli-harddisk-eksternal,Aaron,4,,null,null,0,0
beli-harddisk-eksternal,Riky P.,5,,null,null,0,0
beli-harddisk-eksternal,njoo H.,5,,null,null,0,0
beli-harddisk-eksternal,Lazada Customer,5,,null,null,0,0
beli-harddisk-eksternal,sanriko,5,,null,null,0,0
beli-harddisk-eksternal,Lazada Customer,5,,null,null,0,0
beli-harddisk-eksternal,Suyudi S.,5,,null,null,0,0
beli-harddisk-eksternal,Lazada Customer,5,,null,null,0,0
beli-harddisk-eksternal,Philip D.,5,,"barang sesuai gambar,harga bersahabat",null,0,0
beli-harddisk-eksternal,Juventia D.,5,,null,null,0,0
beli-harddisk-eksternal,Indra P.,5,,Good lah...,"Packing Rapi, kualitas oke, fitur2 persis seperti deskripsi, desain keren... cuma yg kurang puas di segi kecepatan transfer hanya mentok di 9-10 Mb/s",2,2
beli-harddisk-eksternal,jhonay,1,,Beda sama yg dikirimin,"Gmn nih lazada saya liat iklannya flashdisk tapi yg dikirim koq malah flashdrive,,,,mohon penjelasannya,,barang sdh saya buka.....saya br x ini kecewa",0,0
beli-harddisk-eksternal,Eko p.,5,,Sipz,"Smua yang di ulasan bener smua apa mreka kata, kapasitas terbaca 29.5GB karena terpakai sistem, pengiriman lebih cepat dari extimasi",0,0
beli-harddisk-eksternal,Nyoman A.,5,,Sandisk Flashdisk Cruzer Dial CZ57,"barang sdh diterima, pengirimannya cepat, data yg terbaca 29.1GB (iya karena space 32GB tdk terbaca 32GB full) terima kasih atas fast responnya, n barangnya ori.",0,0
beli-harddisk-eksternal,Dede R.,5,,null,"Pengiriman cepet  , tapi tranfer failnya lemot",0,0
beli-harddisk-eksternal,Abdul R.,4,,null,flashdisknya bagus tapi jatoh sama teman akhirnya rusak untuk mengeluarkan nya,0,0
beli-harddisk-eksternal,Lazada Customer,5,,Puas,"Cepet sampai, barang asli, bagus lah. Thanks LAZADA",0,0
beli-harddisk-eksternal,Adriyansyah,5,,MANTABB,BARANG CEPAT CUMA 2 HARI GARANSI RESMI MANTABB,0,0
beli-harddisk-eksternal,Hofur S.,4,,Mantab,"Cepet sampai 1 hari udah sampai,, barang bagus gk cepet panas walau di pake lama,, pokoknya mantab",0,0
beli-harddisk-eksternal,Isnaini,5,,Bagus,Bagus. Packing rapi. Modelnya aku suka. Thanks lazada!,0,0
beli-harddisk-eksternal,Rio S.,5,,Good,"Barang bagus, pertahankan",0,0
beli-harddisk-eksternal,SAFAR,4,,Oke,"Barangnya sudah saya terima , kondisi sangat baik  Trimakasih Lazada",0,0
beli-harddisk-eksternal,Ega D.,4,,Oke,Produk oke dan Original by Datascrip tapi sayang kapasitas bersihnya 29GB,0,0
beli-harddisk-eksternal,Meilinda H.,5,,sip,"pengiriman cepet, barang bagus, transfer data lebih cepat daripada tipe Cruzer Switch",0,0
beli-harddisk-eksternal,Sayyuda F.,5,,mantapp,produk mantap sesuai deskripsi,0,0
beli-harddisk-eksternal,Auliya E.,5,,null,null,0,0
beli-harddisk-eksternal,randy,4,,null,null,0,0
beli-harddisk-eksternal,Barnabas A.,5,,Bagus,null,0,0
beli-harddisk-eksternal,Lazada Customer,5,,null,null,0,0
beli-harddisk-eksternal,Mujiyono,5,,"keren, kencang",null,0,0
beli-harddisk-eksternal,T_rezky,5,,null,null,0,0
beli-harddisk-eksternal,Ramadhan W.,5,,null,null,0,0
beli-harddisk-eksternal,Ismail,5,,null,null,0,0
beli-harddisk-eksternal,Akbar ÔøΩ.,5,,null,null,0,0
beli-harddisk-eksternal,Iqbal Z.,5,,null,null,0,0
beli-harddisk-eksternal,Ficky,5,,good,Good,0,0
beli-harddisk-eksternal,Niken D.,5,,Lima Bintang,,0,0
beli-harddisk-eksternal,Siti R.,5,,Lima Bintang,,0,0
beli-harddisk-eksternal,Hasan B.,5,,Lima Bintang,,0,0
beli-harddisk-eksternal,Lazada Customer,5,,null,produk sesuai pengiriman cepat,0,0
beli-harddisk-eksternal,David A.,5,,SANDISK,Produk Bagus,2,2
beli-harddisk-eksternal,Lazada Customer,5,,qualitas barang,barang sangat bagus trimakasih,0,0
beli-harddisk-eksternal,Dwi D.,2,,Kurang puas,Barang yg dikirim tidak seperti yang di gambar,0,0
beli-harddisk-eksternal,Muhammad A.,4,,Barangnya tidak sesuai di gambar,Barang yg sampe Cruzer yg biasa tidak sesuai di gambar tapi size-nya 64GB,0,0
beli-harddisk-eksternal,Tarmudi,5,,,cukup bagus,0,0
beli-harddisk-eksternal,Nur H.,5,,null,null,0,0
beli-harddisk-eksternal,jefi m.,5,,mantap,null,0,0
beli-harddisk-eksternal,Lazada Guest,2,,Pesanan Flashdisk,Knpa prosesnya lama? Apa gagal atau sya harus pesan lagi,0,0
beli-harddisk-eksternal,wahid y.,1,,Barang tidak sampai,Barang saya ko gaada ya? Padahal saya ngasih alamatnya bener dan saya cek di situs jnenya alamat tujuannya kok salah? Mohon diperiksa kembali.. saya beli barang bebarengan dengan yang lain yg lainnya udh sampai tapi beli di sini gaada barangnya sampai sekarang..,0,0
beli-harddisk-eksternal,Lazada Customer,3,,null,kecewa alias barang aspal ya lumayan buat isi mp3 sih banyak lagunya,0,0
beli-harddisk-eksternal,Dian k.,1,,null,"flashdisk 64gb tpi isi cm 2gb,gk bs dipakai",0,0
beli-harddisk-eksternal,Achmad M.,1,,Barang CACAT!!!,Tidak bisa berfungsi menyimpan data,2,2
beli-harddisk-eksternal,Giacinta,1,,Kecewa,"Barang tidak pernah sampai yg hitam,yg putih ga bisa dipake",0,0
beli-harddisk-eksternal,Aysa,1,,Kecewa,"Pengiriman lama, warna yang dateng putih bukan hitam",0,0
beli-harddisk-eksternal,ERNI T.,5,,null,null,0,0
beli-harddisk-eksternal,jumari,5,,null,null,0,0
beli-harddisk-eksternal,Mengulas s.,1,,KECEWA SANGAT KECEWA,"KRN PESANAN TDK SESUAI DENGAN KIRIMANNYA ,DR WARNA SAJA SAYA PESAN HITAM DIKIRM PUTIH DAN TIDAK BISA DIPAKAI DI LABTOP ANAK SAYA . SEHARUSNYA TIDAH SEPERTI ITU YAH",0,0
beli-harddisk-eksternal,dwi h.,1,,Jadi KECEWA beli barang di LAZADA,,1,1
beli-harddisk-eksternal,ridwan,1,,Barang rusak tdk bisa dgunakan,"Flashdisk saat dicopy file yg kebaca setengah doang,  ud mana beli 2, saya tertipu pantes g garansi, hati hati untuk yg mau beli",1,1
beli-harddisk-eksternal,surya a.,1,,"Bukan barang asli, produk abal-abal.","Ketika barang datang, masih di luar kota. 2 minggubkemudian baru cek barang. Dari awal muncul pertanyaan karena di pembungkusnya sendiri tulisannya toshiba kapasitas 8 GB, sedangkan di Flashdisk memang tertulis 64 GB. Setelah dicoba untuk kopi file, ternyata banyak yang failed. Dan yang berhasil dikopi ternyata juga tidak dapat dibuka. Sepertinya ini hanyalah produk gagal buatan OEM yang dibuat asal-asalan untuk dijual murah. Dan pihak toko terlanjur membeli dalam jumlah banyak kemudian berusaha menjual dengan segala cara.",0,0
beli-harddisk-eksternal,dhini m.,1,,null,rusak gk bisa dipakai üò¢ kapok,0,0
beli-harddisk-eksternal,Adha S.,1,,null,Ga bisa dipakai...,0,0
beli-harddisk-eksternal,Fernando,1,,Kurang baik,Barangnya lama sekali,0,0
beli-harddisk-eksternal,Nurwanto,5,,null,null,0,0
beli-harddisk-eksternal,Muhammad B.,5,,null,null,0,0
beli-harddisk-eksternal,Sonny H.,1,,null,null,0,0
beli-harddisk-eksternal,Helmy A.,1,,produk tidak sesuai gambar,"produk jauh dari yang diharapkan, sangat kecewa.",0,0
beli-harddisk-eksternal,Niar Q.,5,,null,null,0,0
beli-harddisk-eksternal,Tri P.,3,,null,null,0,0
beli-harddisk-eksternal,Lazada Customer,1,,null,Kok dapet nya warna biru,0,0
beli-harddisk-eksternal,ayu,5,,null,null,0,0
beli-harddisk-eksternal,aryadi,5,,bagus,"Barang diterima cepat, seller n lazada pelayanan bagus.. kemasan rapi kasih plastik tebal lagi, good.. tvnya cakep sesuai gambar n speknya, display cukuplah sesuai.. sempat ada baut casing lepas dikencangkan ternyata bisa,,  recomended buat yang nyari.. :)",0,0
beli-harddisk-eksternal,Lazada Customer,5,,null,null,0,0
beli-harddisk-eksternal,Amira R.,4,,Empat Bintang,Ini tv jg bs jadi monitor pc kan?,0,0
beli-harddisk-eksternal,Lazada Guest,5,,Boleh kredit bang,Boleh kredit bang,1,1
beli-harddisk-eksternal,Liana,5,,JOSS GANDOS,1 HARI ORDER BESOK LANGSUNG SAMPAI FAST RESPON FAST SELLER,0,0
beli-harddisk-eksternal,Liana,5,,MANTAP GAN,biar bintang yang berbicara,0,0
beli-harddisk-eksternal,Kusnadi,5,,Kwalitas super,bagus barangnya‚≠ê‚≠ê‚≠ê‚≠ê‚≠ê,0,0
beli-harddisk-eksternal,Kusnadi,5,,WD My passport 1TB,Mantab.... Reseller nya... Pengiriman cepat dan pakingan ok... Thank's... Reseller dan lazada... Sukses selalu.... Buat reseller dan lazada....,0,0
beli-harddisk-eksternal,Chandra,5,,Sesuai deskripsi semoga awet selalu terima kasih,null,0,0
beli-harddisk-eksternal,Hendra C.,5,,"SAMPAI CEPAT BARANG MANTAP, RECOMENDED SELLER",null,0,0
beli-harddisk-eksternal,Lazada Customer,5,,"packing dan barangnya Ok, namun bonus pouch kekecilan","packing dan barangnya Ok, namun bonus pouch ukurannya terlalu kecil untuk tempat hardisk nya",0,0
beli-harddisk-eksternal,Lazada Customer,5,,null,null,0,0
beli-harddisk-eksternal,Lazada Customer,5,,null,null,0,0
beli-harddisk-eksternal,Lazada Customer,5,,null,null,0,0
beli-harddisk-eksternal,agung s.,5,,null,null,0,0
beli-harddisk-eksternal,Wisnu V.,2,,Remote ada tombol yang tidak fungsi,"Pengiriman cepat. Kualitas gambar bagus, terutama kualitas suaranya oke. DVB T2 berfungsi baik. Cuma remote ada yg error. Tombol source tidak fungsi, jd kalau mau ganti ke usb, hdmi atau lainnya mesti pencet tombol fisik di tvnya. Sudah minta ganti ke seller, malah disuruh contact Aquanya. Kata Aqua kalau remote rusak dan baru beli bisa minta ganti ke tokonya. Ribet deh dipingpong...üò§",0,0
beli-harddisk-eksternal,Sindar J.,3,,Tiga Bintang,,4,4
beli-harddisk-eksternal,Desy N.,3,,Tanya dulu,Ini layar sentuh bukan yah?,158,158
beli-harddisk-eksternal,juliyana,1,,Komplen,Saya pesan uang sdah d transfer tapi barng tdk sampai,36,36
beli-harddisk-eksternal,Haji A.,5,,Di order ya Gan/sist.,"Bagi Yang Minat Order/Pesan Barang Kami,Silahkan Add WhatsApp/WA.085200343400..Langsung Dari Reseller Toko..Terimah Kasih.",0,0
beli-harddisk-eksternal,Haji A.,5,,Lima Bintang,"Bagi Yang Minat Order/Pesan Barang Kami,Silahkan Add WhatsApp/WA.085200343400..Langsung Dari Reseller Toko..Terimah Kasih.",0,0
beli-harddisk-eksternal,lazada.co.id,5,,Lima Bintang,"Hi. Sist/Gan, Stocknya.. Masih Ready.? INFORMASI PRODUK KAMI.! Silahkan chat +add: WhatsApp : 0852-5468-9727 ‚àö‚óé Respon cepat, Aman & Terpercaya. ‚àö‚óé Pengiriman VIA : JNE & TIKI. ,?SELLER Resmi LAZADA.! Terima Kasih.",0,0
beli-harddisk-eksternal,Kalina,5,,Lima Bintang,"Untuk info buat pelanggan setia kami di karenakan lazada slow respon cepat aman dan terpercaya,kami buka orderan pemesanan beli 1 garatis 1 melalui via whatsapp/wa:085250720044",0,0
beli-harddisk-eksternal,Haji A.,5,,Lima Bintang,"Bagi Yang Minat Order/Pesan Barang Kami,Silahkan Add WhatsApp/WA.085200343400..Langsung Dari Reseller Toko..Terimah Kasih.",0,0
beli-harddisk-eksternal,Haji A.,5,,Lima Bintang,"Bagi Yang Minat Order/Pesan Barang Kami, Untuk Lebih Memastikan Silahkan Add WhatsApp/WA 085200343400..Langsung Dari Reseller Toko..Terimah Kasih.",0,0
beli-harddisk-eksternal,Haji A.,5,,Lima Bintang,"Bagi Yang Minat Order/Pesan Barang Kami, Untuk Lebih Memastikan Silahkan Add WhatsApp/WA 085200343400..Langsung Dari Reseller Toko..Terimah Kasih.",0,0
beli-harddisk-eksternal,Haji A.,5,,Lima Bintang,"Bagi Yang Minat Order/Pesan Barang Kami, Untuk Lebih Memastikan Silahkan Add WhatsApp/WA 085200343400..Langsung Dari Reseller Toko..Terimah Kasih.",0,0
beli-harddisk-eksternal,Haji A.,5,,Lima Bintang,"Bagi Yang Minat Order/Pesan Barang Kami, Untuk Lebih Memastikan Silahkan Add WhatsApp/WA 085200343400..Langsung Dari Reseller Toko..Terimah Kasih.",0,0
beli-harddisk-eksternal,Lazada Guest,1,,Klu cicilan,Klu cicilan gmn cranya yah,9,9
beli-harddisk-eksternal,Lazada Guest,4,,Bisa kredit?,Saya dari Sumba Timur-Waingapu...,3,3
beli-harddisk-eksternal,Lazada Guest,5,,Cara cicilan nya,Cara.. Kredit nya bagaimana,80,80
beli-harddisk-eksternal,Lazada Guest,3,,Bisa  di cicil gk,Bisa di cicil gak,12,12
beli-harddisk-eksternal,Lazada Guest,5,,Bagussa,Laptop nya bagus,26,26
beli-harddisk-eksternal,zalwa,5,,null,null,0,0
beli-harddisk-eksternal,Lazada Guest,1,,Kesal,Tidak bisa di kurangi ya biar jadi 1.000000,7,7
beli-harddisk-eksternal,Ad,3,,Layar,Ini berapa inci ya layarnya,0,0
beli-harddisk-eksternal,Lazada Guest,1,,?,Ini bayar di tempat apa tidak?,0,0
beli-harddisk-eksternal,Lazada Guest,3,,Bayar di tempat bisa?,Bayar ditempat?,0,0
beli-harddisk-eksternal,Lazada Guest,1,,Mau cicil,Caranya gmn ya,0,0
beli-harddisk-eksternal,Lazada Guest,4,,https://shopee.co.id/griyamainan/43877577/,Rizi,0,0
beli-harddisk-eksternal,Eko S.,5,,null,null,0,0
beli-harddisk-eksternal,joko b.,1,,kecewa..,"Ditulis khusus jabodetabek,tp tersedia diwilyah lampung... dibeli tp dicancel krn diluar daerah. Klo gk bisa harusnya dtulis tdk tersedia diwil.anda..",6,6
beli-harddisk-eksternal,Nursih H.,3,,Mau keredit,Gmana caranya klw mau ikut kredit di lazada...??,5,5
beli-harddisk-eksternal,Yulia,1,,Blitar,Bisa kiri. Ke kota blitar tidak?!,1,1
beli-harddisk-eksternal,Lazada Guest,2,,Klw d kirim k karawang bisa gak,Klw.di kirim k karawang bisa gak?,0,0
beli-harddisk-eksternal,Fitra R.,2,,Dua Bintang,Gambarnya tidak keliatan,0,0
beli-harddisk-eksternal,Putu R.,5,,null,null,0,0
beli-harddisk-eksternal,Lazada Customer,5,,null,null,0,0
beli-harddisk-eksternal,Lazada Customer,5,,null,"Terimakasih, barang nya memuaskan semoga awet juga",0,0
beli-harddisk-eksternal,Sutan,5,,null,null,3,3
beli-harddisk-eksternal,Paris S.,5,,null,null,1,1
beli-harddisk-eksternal,Suwito W.,5,,null,null,0,0
beli-harddisk-eksternal,Santi D.,5,,null,Mantuulll,0,0
beli-harddisk-eksternal,Lazada Customer,5,,null,null,0,0
beli-harddisk-eksternal,Aliks A.,4,,null,null,0,0
beli-harddisk-eksternal,Viqri H.,5,,null,"Makasih gan,tapi produk nya saya mesen yang 16GB dateng nya mlh yang 32GB,mungkin slh masukin produk",0,0
beli-harddisk-eksternal,VIDIFFA F.,5,,null,null,0,0
beli-harddisk-eksternal,Lazada Customer,5,,null,alhamdulillah ....puas.wlau pengirimannya   hmpr mlm...tpi semuanya ok.,0,0
beli-harddisk-eksternal,Mujari,5,,null,"Barangnya bagus,suara dan gambar jernih mudah mudahan awet,pengepakanya rapi,datang tepat waktu,kurirnya juga ramah.makasih Lazadd",0,0
beli-harddisk-eksternal,Salman A.,5,,"tv led sharp 24""","Barang cukup memuaskan, seller responsif,packing aman karena dari kayu yah.. tpi pengirimannya agak sedikit lama, tpi its ok, yang penting barang sudah sampai",2,2
beli-harddisk-eksternal,Herdy S.,5,,SANGAT MEMUASKAN!!!,"Packing rapih dan aman banget barangnya, pengiriman cepat (hari ini order, besok langsung dateng). Pokonya seller recommended, dari segi harga juga bersaing. :) ;) :D",0,0
beli-harddisk-eksternal,Herman N.,1,,null,"TV nya sudah datang alhamdulillah, amin.",0,0
beli-harddisk-eksternal,Martha P.,5,,,produknya sesuai dgn gambar... puas bgt,12,12
beli-harddisk-eksternal,Zelly Y.,5,,null,null,0,0
beli-harddisk-eksternal,Lazada Customer,5,,null,null,0,0
beli-harddisk-eksternal,maudi S.,5,,null,"tv,a bagus bngt, layar,a jga jernih bngt",0,0
beli-harddisk-eksternal,Lazada Customer,5,,null,null,0,0
beli-harddisk-eksternal,asyifa S.,5,,null,null,0,0
beli-harddisk-eksternal,Silvinurul,5,,null,null,0,0
beli-harddisk-eksternal,Myda S.,5,,produk bagus,"puas sama.produknya, bagus n berkualitas",0,0
beli-harddisk-eksternal,Dzakira A.,5,,null,null,0,0
beli-harddisk-eksternal,Lazada Customer,5,,null,null,0,0
beli-harddisk-eksternal,Diki R.,5,,null,null,0,0
beli-harddisk-eksternal,Yuni L.,5,,null,null,0,0
beli-harddisk-eksternal,siti K.,5,,null,good job,0,0
beli-harddisk-eksternal,wiwi,4,,null,null,0,0
beli-harddisk-eksternal,siti K.,5,,null,null,0,0
beli-harddisk-eksternal,Ryan N.,5,,led sharp,bgs...,4,4
beli-harddisk-eksternal,andri S.,5,,null,null,0,0
beli-harddisk-eksternal,muhamad A.,5,,null,null,0,0
beli-harddisk-eksternal,Sur M.,5,,null,Siip,0,0
beli-harddisk-eksternal,Angga,4,,null,null,0,0
beli-harddisk-eksternal,Ferawati D.,5,,"barang udah sampai packing rapi, barang juga ok...trima kasih surya grup n lazada... üëç",null,0,0
beli-harddisk-eksternal,Chaeira P.,5,,Sangat puas,Aku puas banget sama layanan di Lazada. Pengirimannya cepat. Barangnya juga gak lecet sedikit pun. Terimakasih Lazada....,0,0
beli-harddisk-eksternal,Lazada Guest,5,,Abs,Min RAM nya emang segitu?,0,0
beli-harddisk-eksternal,Lazada Customer,5,,null,barang asli dan sesuai,0,0
beli-harddisk-eksternal,Liana,5,,MANTAP GAN,biar bintang yang berbicara,0,0
beli-harddisk-eksternal,Didik M.,5,,null,null,0,0
beli-harddisk-eksternal,Robby,5,,Value for Money,"WD My Passport 4TB, harga paling murah dibanding tempat lain (sudah cek online dan offline), barang bagus (sudah di cek total kapasitas 3.64TB), original (bisa di-register ke web WD nya untuk garansi 3 thn), diberi beberapa software utility free diantaranya WD Security (untuk protect HD agar tdk bisa dibuka orang lain) dan ada bonus pouch, lumayan buat tempat HD nya. :)",0,0
beli-harddisk-eksternal,Hendra C.,5,,MANTAP GAN SECEPAT KILAT,null,0,0
beli-harddisk-eksternal,Saki,5,,Pesanan sesuai harapan,"Order Mi Notebook Air Gold 12.5 inch sampai sesuai harapan. Barangnya asli, packagingnya aman, bagus, sellernya informatif, cepat dikirimnya dan sudah ready terinstall dengan windows 10 english version. Terima kasih banyak seller :)",28,28
beli-harddisk-eksternal,Sonny G.,5,,"Pengiriman Sangat Cepat, Barang Sesuai Pesanan","Pengiriman barang ternyata sangat cepat. Hari ke-2 barang sudah diterima dalam keadaan baik. Packing rapih dan setelah dicek, laptop bekerja sesuai harapan. Terima kasih atas layanannya yang sangat baik",14,14
beli-harddisk-eksternal,Lazada Guest,5,,Laptop dengan kualitas mantab...,"Pengirimannya benar-benar top, packingnya rapi dan aman. Barangnya oke..Windowsnya udah pakai Win 10 English version... Top deh...",6,6
beli-harddisk-eksternal,Candra H.,5,,Powerfull Laptop,Lebih keren dari perkiraan awal.. Windows 10 sudah dikonfersi ke bahasa inggris.. Mantab..,0,0
beli-harddisk-eksternal,PASKALIS V.,5,,null,null,0,0
beli-harddisk-eksternal,Eddy H.,5,,null,null,0,0
beli-harddisk-eksternal,Lazada Guest,5,,Gk dapat di kirim,Gan kok gak dapat di kirm ke NAD. Disitu tertulis barang ini tidak dapat di kirim ke lokasi anda,0,0
beli-harddisk-eksternal,IVO S.,5,,Lima Bintang,"Mbak/ mas kabari ya barang kalau udah ready stok, saya rencana mau order. Mkasih",0,0
beli-harddisk-eksternal,Miranda G.,5,,Excellent!,Pelayanannya baik,0,0
beli-harddisk-eksternal,Dessy P.,5,,null,null,0,0
beli-harddisk-eksternal,Muhammad A.,5,,null,null,0,0
beli-harddisk-eksternal,Setyo W.,5,,Pengiriman CEPAT,Pengiriman cepat barang di terima dengan baik dan lengkap langsung coba... dapat bonus USB LED dll. Recommended Seller,1,1
beli-harddisk-eksternal,Fardyan C.,5,,null,"Barang bagus, awet sampai sekarang",0,0
beli-harddisk-eksternal,U S.,5,,null,"pemasangan anti virus oleh pihak WD secara online, dibantu memasang juga, mantap #Lazadaterpercaya",0,0
beli-harddisk-eksternal,Lia N.,3,,,"Pengiriman cpt smp.  Produk bagus, sesuai gambar. Trims...",0,0
beli-harddisk-eksternal,Kurnia R.,5,,null,null,0,0
beli-harddisk-eksternal,Lazada Customer,5,,null,null,0,0
beli-harddisk-eksternal,Aditya F.,4,,Lumayan,"Saya kira antivirusnya ada kasetnya, eh ternyata cuma dikasih nomor serial disuruh download sendiri. Overall bagus lah, pengiriman cepat cuma 1 hari datang",0,0
beli-harddisk-eksternal,Yamani S.,5,,ext hardisk,hrg bersaing bagus,0,0
beli-harddisk-eksternal,Inge,5,,oke,"bagus koq. cm gak pake antivirusnya aja, ribet sih :D",0,0
beli-harddisk-eksternal,Jimmy,5,,null,null,0,0
beli-harddisk-eksternal,Tantri Y.,5,,null,null,0,0
beli-harddisk-eksternal,Boby,3,,null,null,0,0
beli-harddisk-eksternal,Luki M.,5,,,ntaps,0,0
beli-harddisk-eksternal,Nurkamal,2,,Kecewa tidak sesuai yang ditawarkan,"Barang sudah diterima dan pengiriman lumayan cepat, tapi ada 2 hal yg harus penjual perhatikan: 1. di etalase tv dijual dengan bonus free Braket, tapi yang datang cuma tv nya doang braketnya ga ada, 2. ongkir tercantum Rp 200.000 saya kirim sesuai yg tercantum, tp pas di cek di resi yang tercantum oleh ekspedisi Cobra ternyara cuma 75.000. tetep konsumen yang dirugikan. toko ini jadi catatan buat saya kecuali menylesaikannya",32,32
beli-harddisk-eksternal,Lazada Guest,3,,Barang nya kok belum sampai udh seminggu,"TV nya udh seminggu blm sampai juga, Sepertinya harus meningkatkan pengiriman nya lebih diperhatikan supaya sampai sesuai estimasi, thanks",5,5
beli-harddisk-eksternal,Lazada Guest,5,,Good,"Ini bisa nonton, dengar music, liat poto via usb gk??",2,2
beli-harddisk-eksternal,Rendy R.,1,,Satu bintang,,0,0
beli-harddisk-eksternal,qorny,5,,null,sesuai pesanan.  bagus.  thanks gan,0,0
beli-harddisk-eksternal,Nicky S.,5,,,Produk dgn pesanan no 3288859132 sudah diterima,0,0
beli-harddisk-eksternal,sokhibun N.,5,,null,null,0,0
beli-harddisk-eksternal,Mardi E.,5,,null,null,0,0
beli-harddisk-eksternal,Lazada Customer,5,,,Ok sesuai sm deksripsi,0,0
beli-harddisk-eksternal,Windi W.,5,,null,"alhamdulillah barang sampai dengan aman karna peking yang bagus.. semoga barang awet, selalu amanah dan lancar rejekinya amiin ü§≤",0,0
beli-harddisk-eksternal,Lazada Customer,5,,null,"sesuai dengan pesanan, semoga awet ya",0,0
beli-harddisk-eksternal,Lazada Customer,4,,null,null,0,0
beli-harddisk-eksternal,Indra W.,5,,null,"kualitas ori, kapasitas sesuao dengan dekripsinya",0,0
beli-harddisk-eksternal,Najmy U.,5,,null,barang bagus dengan harga ok,0,0
beli-harddisk-eksternal,aditya M.,5,,null,null,0,0
beli-harddisk-eksternal,Muhamad A.,4,,null,Barang bagus dan berfungsi,0,0
beli-harddisk-eksternal,Lazada Customer,1,,null,virus shortcut,0,0
beli-harddisk-eksternal,Herman K.,5,,null,"packing ok, barang sesuai deskripsi.",0,0
beli-harddisk-eksternal,Lazada Customer,3,,null,barangnya tiba dengan selamat & cepat. tapi kemasan otg nya nggak memuaskan.,0,0
beli-harddisk-eksternal,Lazada Customer,5,,null,Siiplah pokonya.. Thanks lazada,0,0
beli-harddisk-eksternal,Atin S.,5,,baguss,"mudah2 n awet barang nya,,ada hologram nya",0,0
beli-harddisk-eksternal,ahmad A.,4,,null,null,0,0
beli-harddisk-eksternal,Lazada Customer,5,,null,null,0,0
beli-harddisk-eksternal,Bahri S.,4,,Good Produk,"Suka bgt barangx mulus lus lus and berfungsi dgan baik, thanks Lazada",0,0
beli-harddisk-eksternal,Junaedi A.,5,,Good,"Barang sampe sesuai pada waktu nya, packingan rapi. Terima kasih Lazada.",0,0
beli-harddisk-eksternal,Ade S.,5,,null,null,0,0
beli-harddisk-eksternal,Siska Y.,5,,null,null,0,0
beli-harddisk-eksternal,Totok A.,5,,null,null,0,0
beli-harddisk-eksternal,Devi K.,5,,null,null,0,0
beli-harddisk-eksternal,Lutvi A.,5,,null,null,0,0
beli-harddisk-eksternal,Ameirisa W.,5,,null,null,0,0
beli-harddisk-eksternal,Donal D.,5,,null,null,0,0
beli-harddisk-eksternal,Lazada Customer,5,,null,null,0,0
beli-harddisk-eksternal,Lazada Customer,5,,null,null,0,0
beli-harddisk-eksternal,Daryono,5,,null,null,0,0
beli-harddisk-eksternal,Lazada Customer,5,,null,null,0,0
beli-harddisk-eksternal,Lazada Customer,5,,null,null,0,0
beli-harddisk-eksternal,ayi M.,4,,null,mudah2n awet amin,0,0
beli-harddisk-eksternal,Lazada Customer,4,,packing rapi,warna tidak sesuai,0,0
beli-harddisk-eksternal,Lazada Customer,5,,null,null,0,0
beli-harddisk-eksternal,Asep S.,5,,bagus bisa 2 pungsi,null,0,0
beli-harddisk-eksternal,Martina S.,4,,null,null,0,0
beli-harddisk-eksternal,Fajar I.,4,,null,null,0,0
beli-harddisk-eksternal,desak M.,1,,null,null,0,0
beli-harddisk-eksternal,Moch.Mughni,4,,hmmmm,eliminasi 2 hari packing rapi tapi warna gak sesuai yang di ingini tapi barang normal work,0,0
beli-harddisk-eksternal,Lazada Customer,5,,null,null,0,0
beli-harddisk-eksternal,Tonny Z.,5,,null,null,0,0
beli-harddisk-eksternal,Utamy A.,5,,null,Product oke sesuai destkripsi..dapet Tas backpack jga..recomend seller..good dah pkknya,1,1
beli-harddisk-eksternal,bambang P.,5,,null,Laptop nya dikirim sangat top modal kaciwa,0,0
beli-harddisk-eksternal,Lazada Customer,5,,null,Sesuai dengan keinginan dan kebutuhan,0,0
beli-harddisk-eksternal,Ahmad S.,5,,Barang sesuai dengan gambar,"Paket sudah saya terima, terlambat sedikit pengirimannya tapi tidak apa apa. Thanks‚Äã Lazada",0,0
beli-harddisk-eksternal,Sopian,5,,null,null,0,0
beli-harddisk-eksternal,Lazada Customer,5,,null,null,0,0
beli-harddisk-eksternal,Lazada Customer,5,,null,null,0,0
beli-harddisk-eksternal,Cilla Z.,5,,null,null,0,0
beli-harddisk-eksternal,Yusri K.,1,,null,null,0,0
beli-harddisk-eksternal,anak A.,5,,null,null,0,0
beli-harddisk-eksternal,Deniel,5,,,Respon cepat dan pengiriman cepat via go send,0,0
beli-harddisk-eksternal,azarya p.,5,,null,null,0,0
beli-harddisk-eksternal,Radius H.,5,,null,null,0,0
beli-harddisk-eksternal,Mia,5,,Good,"Flashdisk baru, waktu pas beli lagi diskon, packagingnya jga rapih so far so good",0,0
beli-harddisk-eksternal,Lazada Customer,5,,null,null,0,0
beli-harddisk-eksternal,Ikbal,5,,Thanks,"Barang cepet sampe, thanks",0,0
beli-harddisk-eksternal,Rizki R.,5,,null,null,0,0
beli-harddisk-eksternal,Tommy,4,,Sandisk 8gb,"Brg sesuai , cuma delivery agak lama",1,1
beli-harddisk-eksternal,Nur R.,5,,Pas,"Ok deh, mantep",0,0
beli-harddisk-eksternal,Agustinus S.,5,,null,null,0,0
beli-harddisk-eksternal,Anita T.,5,,null,null,0,0
beli-harddisk-eksternal,Lazada Guest,5,,,"flashdisk sandisk ok banget ada bonus lagi, terima kasih",0,0
beli-harddisk-eksternal,john,5,,mantap,barangnya bagus untuk harga semurah ini,0,0
beli-harddisk-eksternal,Maulidin,3,,null,null,0,0
beli-harddisk-eksternal,LUTHFI A.,3,,null,null,0,0
beli-harddisk-eksternal,Shernell T.,5,,null,null,0,0
beli-harddisk-eksternal,Sinanuri S.,4,,null,null,0,0
beli-harddisk-eksternal,Tita M.,2,,Beda Warna,Gan saya pesan warna biru kok yang datang warna merah?,0,0
beli-harddisk-eksternal,Riki A.,4,,null,null,0,0
beli-harddisk-eksternal,Muhammad A.,5,,null,null,0,0
beli-harddisk-eksternal,Yayan H.,5,,null,null,0,0
beli-harddisk-eksternal,Surya,1,,null,null,0,0
beli-harddisk-eksternal,Muhammad M.,3,,Lama pengiriman dan sistemnya kosong,"8 hari baru sampai, sistemnya kosong root saja tampil jadi hrs install ulang,, packingan rapi dan tersegel",2,2
beli-harddisk-eksternal,I n.,2,,Dua Bintang,Barang yg di kirim tidak sesuai dengan yang di tampilkan,1,1
beli-harddisk-eksternal,Meilawaty,5,,null,null,0,0
beli-harddisk-eksternal,ADI S.,3,,"terima kasih, barang sesuai gambar dan diterima dengan baik...",null,0,0
beli-harddisk-eksternal,Aulia F.,5,,null,null,0,0
beli-harddisk-eksternal,Alawi A.,2,,null,null,0,0
beli-harddisk-eksternal,febri a.,5,,Mantap barangnya. Cepet sampe juga,,0,0
beli-harddisk-eksternal,Candra C.,5,,null,null,0,0
beli-harddisk-eksternal,Sonny S.,5,,,"Barang sudah sampe, untuk pengriman ke Kupang NTT waktunya termasuk cepat, packing safe dan rapi. Barang sesuai gambar dan spek yang ditawarkan. Tx lazada + kenkez",0,0
beli-harddisk-eksternal,Didik I.,5,,null,null,0,0
beli-harddisk-eksternal,A. A.,5,,null,null,0,0
beli-harddisk-eksternal,pungki H.,5,,null,null,0,0
beli-harddisk-eksternal,Lazada Customer,5,,null,null,0,0
beli-harddisk-eksternal,Fitria W.,5,,null,null,0,0
beli-harddisk-eksternal,Fitria W.,5,,Makasih kak,Tengkyuu.... Barangnya nyampe tepat waktu.... Packing rapi dan savety banget .. Recommended seller,0,0
beli-harddisk-eksternal,Mon R.,4,,Lumayan memuaskan,"Terlambat satu hari, karena kurir sampai dikantor pada malam hari. Jd besoknya baru bisa saya terima. Tp barang saya terima dengan baik. Terima kasih",0,0
beli-harddisk-eksternal,nat T.,5,,Barang Sesuai Pemesanan,Barang sesuai pemesanan. Pengiriman cepat(Jakarta),0,0
beli-harddisk-eksternal,Andi A.,5,,,"Harddisk berjalan dengan baik, kelengkapan juga oke",0,0
beli-harddisk-eksternal,Lazada Customer,1,,null,"2bulan pake crashed, pdhl ga prnah jatoh",0,0
beli-harddisk-eksternal,harry d.,5,,null,null,0,0
beli-harddisk-eksternal,harry d.,5,,GOOD,"Jum'at pesan besoknya nyampai,  Barang bagus, tdk ada cacatnya,  Terima kasih Lazada.",0,0
beli-harddisk-eksternal,Ricky P.,5,,Review Setelah HDD diterima,"Maaf baru sempat review.  Secara umum cukup puas dengan layanan penjual. Packing bagus, rapih dan aman. Fisik barang sesuai gambar dan ulasan yang ada di website, hanya saya mis-informasi aja karena ternyata HD External WD ini gak dapat sarungnya.  Overall, saya rekomendasi sellernya. Thanks dan tingkatkan selalu pelayanannya, Sukses!!",0,0
beli-harddisk-eksternal,Lazada Customer,5,,null,mantapppp....,0,0
beli-harddisk-eksternal,KARTINI,5,,null,null,0,0
beli-harddisk-eksternal,Lazada Customer,5,,null,null,0,0
beli-harddisk-eksternal,lambok J.,5,,null,null,0,0
beli-harddisk-eksternal,Lazada Customer,3,,null,null,0,0
beli-harddisk-eksternal,Kurnia N.,5,,Bagus,,0,0
beli-harddisk-eksternal,Izharrudin,5,,null,"bagus, sesuai pesanan",0,0
beli-harddisk-eksternal,Hanifah -.,5,,Bagus,"Flashdisk nya lucu,, sesuai dengan gambar pokoknya suka",0,0
beli-harddisk-eksternal,Willem,2,,USB Naruto 2.0 8GB Flash Drive Flash Disk Memory - Orange,Cukup memuaskan,0,0
beli-harddisk-eksternal,Lazada Customer,5,,null,null,0,0
beli-harddisk-eksternal,Ahmad A.,4,,Empat Bintang,Sip,0,0
beli-harddisk-eksternal,Sachi S.,5,,Lima Bintang,"Diresponnya cepat, 2 hari datang, USB nya gak mengecewakan, sama kayak yang digambar",0,0
beli-harddisk-eksternal,Eka F.,4,,puas,barang diantar dengan cepat dan sesuai dengan penjelasan yang ada. penjual merespondengan cepat.,0,0
beli-harddisk-eksternal,Lazada Customer,4,,KW tp ok,Wkt baca2 di keterangannya ini bkn ori alias kw tp coba krn review yg lain jg ok. Tp memang ok bgt bs dipakai dgn baik. Bole yg mau beli..,0,0
beli-harddisk-eksternal,Panji S.,3,,null,barang nya sesuai dan mulus di bungkus rapi,0,0
beli-harddisk-eksternal,siti K.,5,,null,bagus,0,0
beli-harddisk-eksternal,Lazada Customer,5,,null,null,0,0
beli-harddisk-eksternal,Suroto,5,,null,null,0,0
beli-harddisk-eksternal,Auliya U.,4,,null,null,0,0
beli-harddisk-eksternal,Wiwik S.,4,,udah sampe..makasih..ya,null,0,0
beli-harddisk-eksternal,Yunia,4,,ok,null,0,0
beli-harddisk-eksternal,Nassuri,5,,null,"Matul bangetz barangnya berfungsi sesuai harapan, sukses trus bwt toko dan lazada, pengiriman super cepat blum waktunya udah lngsung dikirim mantul dah poko'e",0,0
beli-harddisk-eksternal,Lazada Customer,5,,null,Maap Bru ksi ulasan.barang yampe dengan slamt dan  Aman Tpi belum di coba krna belum sempet Moga awet dan dan bagus üôè,0,0
beli-harddisk-eksternal,Lazada Customer,5,,null,null,0,0
beli-harddisk-eksternal,Napsiah S.,5,,null,null,0,0
beli-harddisk-eksternal,Alisyaq L.,4,,null,null,0,0
beli-harddisk-eksternal,Lazada Customer,5,,null,null,0,0
beli-harddisk-eksternal,andri K.,5,,null,null,0,0
beli-harddisk-eksternal,Lilik S.,4,,null,null,0,0
beli-harddisk-eksternal,Lazada Customer,5,,"barang datang sesuai pesanan, packing cukup bagus rapih dan kuat, puas banget","barang sesuai pesanan, pengiriman tepat waktu, paking rapih, puas banget",0,0
beli-harddisk-eksternal,Ganang A.,5,,null,null,0,0
beli-harddisk-eksternal,Verly T.,5,,,ok,0,0
beli-harddisk-eksternal,Alethia H.,3,,Excellent,Item arrived in perfect condition and still working well until today. Fast delivery and great customer service/communication.  Thanks,0,0
beli-harddisk-eksternal,Syintia D.,1,,Bukan ULTRA,"Ini cuman My Passport biasa, bukan My Passport ULTRA, tulis deskripsi yang bener ya...",3,3
beli-harddisk-eksternal,Yunita G.,5,,,Awet...,0,0
beli-harddisk-eksternal,CITRA M.,2,,null,null,0,0
beli-harddisk-eksternal,Obby A.,5,,Tipe,Untuk semua hardisk kah gan ?,0,0
beli-harddisk-eksternal,M. M.,5,,null,null,0,0
beli-harddisk-eksternal,Achmad T.,5,,"Pengiriman sesuai estimasi,ok","Product ok, sesuai dengan foto,pengiriman lebih cepat dari estimasi,ok",0,0
beli-harddisk-eksternal,Ilyas A.,5,,null,null,0,0
beli-harddisk-eksternal,Gunaidi,5,,null,null,0,0
beli-harddisk-eksternal,rizky A.,4,,good,good,0,0
beli-harddisk-eksternal,Edward,2,,null,null,0,0
beli-harddisk-eksternal,Ryan,5,,null,null,0,0
beli-harddisk-eksternal,wahyu r.,4,,null,null,0,0
beli-harddisk-eksternal,Lazada Customer,4,,null,null,0,0
beli-harddisk-eksternal,ANANG P.,5,,null,Barang sesuai gambar dan bagus,0,0
beli-harddisk-eksternal,Andi U.,1,,Tidak sesuai,tidak sesuai gambar,1,1
beli-harddisk-eksternal,Lazada Guest,1,,Kredit,"3 kali cicilan,maksudnya 3 bln ya,persyaratan untuk kredit apa aja ya.",0,0
beli-harddisk-eksternal,Lazada Guest,2,,Kualitas barang,Kualitas barangny bisa di jamin g ya,0,0
beli-harddisk-eksternal,Lazada Guest,3,,Kualitas,Klu saya mau beli tv di lazada di jamin g ya kualitasnya.,0,0
beli-harddisk-eksternal,Lazada Guest,3,,Gmna cra ngeridtnya,Gmna,11,11
beli-harddisk-eksternal,Rima A.,5,,Murah dan bagus,"Barang sampai dengan baik, packingnya bagus. Isi kotaknya lengkap, ada : casing hdd, kabel male-to-male, obeng kecil, baut, sama wadah luar. Alhamdulillaah bisa digunakan dengan baik, semoga awet. Terima kasih :)",0,0
beli-harddisk-eksternal,Ari S.,5,,Barang Bagus,"Pengiriman cepat, Packing rapi dan aman.  Barang sesuai deskripsi. Mulai dati pemasangan sampai pemakaian tak ada kendala, bekerja dengan normal.",0,0
beli-harddisk-eksternal,Arysto A.,5,,Good,Packing rapih Semoga awet Thanks lazada,1,1
beli-harddisk-eksternal,Willyam C.,5,,Mantap,packingnya rapi barangnya bagus dan murah tq,0,0
beli-harddisk-eksternal,reza a.,3,,Lumayan,Lumayan lah untuk harga segini. Sayang ngebaca hdd 700gb lemot euy,0,0
beli-harddisk-eksternal,Ukat S.,5,,,"Cukup puas barang..., trima ksih lazada",0,0
beli-harddisk-eksternal,Lazada Customer,4,,null,null,0,0
beli-harddisk-eksternal,Entis R.,5,,null,null,0,0
beli-harddisk-eksternal,Andi S.,5,,null,bagus ..,0,0
beli-harddisk-eksternal,Teguh D.,5,,null,null,0,0
beli-harddisk-eksternal,Lazada Customer,3,,null,null,0,0
beli-harddisk-eksternal,Diat E.,5,,konfirmasi dan pengirimannya agak lama,null,0,0
beli-harddisk-eksternal,Lazada Customer,5,,null,null,0,0
beli-harddisk-eksternal,Niko F.,5,,null,null,0,0
beli-harddisk-eksternal,Lazada Customer,5,,null,null,0,0
beli-harddisk-eksternal,Verry S.,4,,b,,0,0
beli-harddisk-eksternal,Coolzzz,4,,null,null,0,0
beli-harddisk-eksternal,Monkz-666,3,,bagus,lumayan,0,0
beli-harddisk-eksternal,Ahmad S.,4,,null,null,0,0
beli-harddisk-eksternal,Fanto B.,5,,Murah tapi berkwalitas,"Barang bekerja dengan baik, harga murah, tapi pengiriman agak lama. Sukses terus lazada.",0,0
beli-harddisk-eksternal,Sondya L.,5,,null,"Cepat sampai, original, sudah di test dan sekarang jd tandem SSD intel saya, terima kasih.",0,0
beli-harddisk-eksternal,Fandevis,5,,fast delivery,good,0,0
beli-harddisk-eksternal,ZURYANA,4,,null,pengiriman cepat barang bagus,0,0
beli-harddisk-eksternal,Adi L.,5,,null,"recomended, thx",0,0
beli-harddisk-eksternal,Dhanang P.,5,,null,null,0,0
beli-harddisk-eksternal,Rayqa,4,,diterima,sesuai tapi powerbanknya ringan sekali (sesuai harga sih...),0,0
beli-harddisk-eksternal,Richard P.,1,,Kapan nyampe ny,,0,0
beli-harddisk-eksternal,cica O.,5,,null,barang dipacking kuat dan rapih..cepat sampai sesuai estimasi..trimakasih kotakom...,0,0
beli-harddisk-eksternal,yamin,4,,packing bagus...barang pun oke...cuma sebagai prmakai kita ngga tau. .harus di instal dulu...tapi tetep oke..,null,0,0
beli-harddisk-eksternal,Chawadiest J.,5,,null,null,0,0
beli-harddisk-eksternal,panji f.,5,,Berfungsi dengan baik,"Barang di pesan tanggal13 juli  Tgl14 barang sudah di kirim  Tanggal 26 barang sampai Memang sedikit lama,tapi saya maklum kok karena barang nya dari luar negri Packing rapi Barang berfungsi dengan baik",0,0
beli-harddisk-eksternal,Ajman N.,5,,,good dan bisa di pake,0,0
beli-harddisk-eksternal,Ed,5,,null,null,0,0
beli-harddisk-eksternal,ferry s.,1,,Lamban.,"Udah hampir 2 minggu barang belum jg nyampe.order tgl 27 april 2017,status pesanan masi aja dlm proses.gmana ni lazada?",0,0
beli-harddisk-eksternal,khaerun s.,5,,Mantap!!!,"Barangnya udah sampai, thanks lazada",0,0
beli-harddisk-eksternal,Riyan H.,1,,Barang belum sampai,"Mohon bantuan nya, kok barangnya belom sampai udh 21hari sy tunggu gag kunjung datang, mohon diperhatikan ! Terima kasih",0,0
beli-harddisk-eksternal,Velarde A.,5,,null,null,0,0
beli-harddisk-eksternal,yogi t.,5,,null,null,0,0
beli-harddisk-eksternal,Adam R.,5,,Barang Bagus.,"Barang datang cepat, mulus.. semoga tidak ada masalah kedepannya",0,0
beli-harddisk-eksternal,Meriyah,3,,Kualitas standard,"Hanya bisa menyimpan sedikit file, padahal kapasitas 16 GB. Sebagian besar file lainnya tidak bisa terbaca padahal sudah saya coba beberapa kali.",0,0
beli-harddisk-eksternal,ibnu l.,1,,Kecewa,Tidak bisa menyimpan data,0,0
beli-harddisk-eksternal,Edo R.,5,,Barang sudah sampai,Ga kecewa deh barang keren kemasan rapih makasih bos,0,0
beli-harddisk-eksternal,Evan S.,3,,null,null,0,0
beli-harddisk-eksternal,Muhammad S.,5,,,Barang oke,0,0
beli-harddisk-eksternal,Lazada Guest,1,,Kecewa,Karna tidak bisa nyimpan film dan data,0,0
beli-harddisk-eksternal,chotimah,5,,null,null,0,0
beli-harddisk-eksternal,jamal F.,5,,null,Bagus produknya,0,0
beli-harddisk-eksternal,Yen Z.,5,,null,"pesanan saya yg ini belum saya terima, kenapa dibuat sudah saya terima?!  Tolong dong ini dicek lagi.",0,0
beli-harddisk-eksternal,Lazada Customer,5,,null,null,0,0
beli-harddisk-eksternal,Mulyadi H.,5,,null,barangnya bagus,0,0
beli-harddisk-eksternal,Dedeh D.,5,,null,blom keterima,0,0
beli-harddisk-eksternal,Iqbal J.,5,,null,null,0,0
beli-harddisk-eksternal,Achiranto L.,5,,null,Produk nya mantap üëç,0,0
beli-harddisk-eksternal,Lazada Customer,5,,null,So far so good,0,0
beli-harddisk-eksternal,Ni P.,4,,null,Barang ok. Kiriman tepat waktu,0,0
beli-harddisk-eksternal,venny,5,,null,null,0,0
beli-harddisk-eksternal,nola Y.,5,,null,null,0,0
beli-harddisk-eksternal,Iyus W.,5,,null,null,0,0
beli-harddisk-eksternal,Sri W.,5,,null,null,0,0
beli-harddisk-eksternal,timur D.,5,,null,null,0,0
beli-harddisk-eksternal,eru S.,5,,null,null,0,0
beli-harddisk-eksternal,Lazada Customer,5,,null,null,0,0
beli-harddisk-eksternal,Lazada Customer,5,,null,null,0,0
beli-harddisk-eksternal,Vika M.,5,,null,null,0,0
beli-harddisk-eksternal,azilla F.,5,,null,null,0,0
beli-harddisk-eksternal,Agus P.,4,,null,null,0,0
beli-harddisk-eksternal,Lazada Customer,5,,null,null,0,0
beli-harddisk-eksternal,Siti M.,5,,null,null,0,0
beli-harddisk-eksternal,Lazada Customer,3,,null,null,0,0
beli-harddisk-eksternal,Gunawan A.,5,,null,null,0,0
beli-harddisk-eksternal,Lazada Customer,4,,null,null,0,0
beli-harddisk-eksternal,annisa R.,5,,null,null,0,0
beli-harddisk-eksternal,Rifky P.,5,,null,null,0,0
beli-harddisk-eksternal,Miny B.,5,,,sesuai,0,0
beli-harddisk-eksternal,Helmi A.,5,,null,Barang Bagus tapi sayang pengiriman dari pihak J&T barangnya kesasar ke kota Pamekasan.  padahal sudah tercantum kota Sampang.  Utk J&T lebih hati-hati lagi ya.  untung tidak hilang barangnya.  utk Seller TOP Fast Response.,0,0
beli-harddisk-eksternal,moch A.,5,,null,barang nyampai dgn mulus tdk ada cacat,0,0
beli-harddisk-eksternal,fahmi A.,5,,null,Thanks lazada barang nya sesuai expektasi...,0,0
beli-harddisk-eksternal,kang W.,5,,null,"barang good, pengiriman cepat, kurir mantap ramah, makasih lazada",0,0
beli-harddisk-eksternal,andriyanto,5,,null,barang berfungsi normal...semoga awet...,0,0
beli-harddisk-eksternal,Mumtaz A.,5,,null,barang sesuai deskripsi dan orderan..,0,0
beli-harddisk-eksternal,Mohamad Z.,5,,null,"Falshdisk bagus,, berfungsi dengan baik,,",0,0
beli-harddisk-eksternal,GIGIH H.,5,,null,"barang sesuai pesanan, mantab",0,0
beli-harddisk-eksternal,Mokhammad R.,5,,null,thx lazada semoga fdnya awet,0,0
beli-harddisk-eksternal,Yunanto A.,5,,null,"pengiriman cepat, smoga awet..",0,0
beli-harddisk-eksternal,KURNIAWAN,5,,null,"pengiriman cepat, brgnya mantapüëçüëçüëç",0,0
beli-harddisk-eksternal,Mhd A.,5,,null,sampai dgn selamat dan aman,0,0
beli-harddisk-eksternal,Lazada Customer,5,,null,saya belum terima barangnya,0,0
beli-harddisk-eksternal,Ahzan L.,4,,null,null,0,0
beli-harddisk-eksternal,Trio T.,5,,Oke,"Brg ok, sampai cepat",0,0
beli-harddisk-eksternal,Mimih G.,5,,null,null,0,0
beli-harddisk-eksternal,Ida M.,5,,null,null,0,0
beli-harddisk-eksternal,Cahaya G.,5,,null,null,0,0
beli-harddisk-eksternal,Aji P.,4,,null,null,0,0
beli-harddisk-eksternal,Haliza N.,5,,null,null,0,0
beli-harddisk-eksternal,Lazada Customer,5,,null,null,0,0
beli-harddisk-eksternal,ema H.,5,,null,null,0,0
beli-harddisk-eksternal,Lazada Customer,5,,null,null,0,0
beli-harddisk-eksternal,Ivan K.,5,,null,null,0,0
beli-harddisk-eksternal,Andi Y.,4,,null,null,0,0
beli-harddisk-eksternal,Baktiar S.,5,,null,null,0,0
beli-harddisk-eksternal,agus K.,5,,null,null,0,0
beli-harddisk-eksternal,Lazada Customer,5,,null,null,0,0
beli-harddisk-eksternal,Vreeza B.,5,,null,null,0,0
beli-harddisk-eksternal,Haliza N.,5,,null,null,0,0
beli-harddisk-eksternal,Angga B.,5,,null,null,0,0
beli-harddisk-eksternal,Christtine N.,5,,null,null,0,0
beli-harddisk-eksternal,Herlinda,5,,null,null,0,0
beli-harddisk-eksternal,Jong Y.,5,,null,null,0,0
beli-harddisk-eksternal,Ad P.,4,,null,null,0,0
beli-harddisk-eksternal,Tommy E.,5,,null,null,0,0
beli-harddisk-eksternal,Wira P.,5,,null,null,0,0
beli-harddisk-eksternal,samden,5,,null,null,0,0
beli-harddisk-eksternal,Lazada Customer,5,,null,null,0,0
beli-harddisk-eksternal,Eko S.,5,,null,good,0,0
beli-harddisk-eksternal,Aris M.,5,,null,null,0,0
beli-harddisk-eksternal,Hendri A.,5,,null,null,0,0
beli-harddisk-eksternal,Ahmad K.,4,,null,null,0,0
beli-harddisk-eksternal,Adolf A.,5,,null,Mantap,0,0
beli-harddisk-eksternal,Lazada Customer,5,,null,null,0,0
beli-harddisk-eksternal,Ahmad K.,4,,null,null,0,0
beli-harddisk-eksternal,RuudJR R.,5,,null,sip,0,0
beli-harddisk-eksternal,Lazada Customer,3,,null,null,0,0
beli-harddisk-eksternal,Andibasthian,5,,null,null,0,0
beli-harddisk-eksternal,Deden R.,5,,null,null,0,0
beli-harddisk-eksternal,Hendrik,4,,null,"Pengiriman on time. Cuman packing sederhana sekali, tanpa bubble wrap.",0,0
beli-harddisk-eksternal,fariadi,5,,null,null,0,0
beli-harddisk-eksternal,marolop R.,5,,null,null,0,0
beli-harddisk-eksternal,Lazada Customer,5,,null,null,0,0
beli-harddisk-eksternal,Muhammad R.,5,,null,null,0,0
beli-harddisk-eksternal,ebhyt,3,,null,null,0,0
beli-harddisk-eksternal,Livvy M.,5,,null,null,0,0
beli-harddisk-eksternal,adi S.,5,,null,null,0,0
beli-harddisk-eksternal,Lazada Customer,5,,null,null,0,0
beli-harddisk-eksternal,Agus,5,,null,Kurir baik n bertanggungjawab Barang sesuai spesifikasi semoga awet ya...,0,0
beli-harddisk-eksternal,Lazada Customer,5,,null,barang cepat sampai & sesuai pesanan,0,0
beli-harddisk-eksternal,Mamahnya D.,5,,null,"barang ok,kemasan rapih...",0,0
beli-harddisk-eksternal,randi O.,5,,null,null,0,0
beli-harddisk-eksternal,sofiyatun,5,,null,null,0,0
beli-harddisk-eksternal,Lazada Customer,5,,null,null,0,0
beli-harddisk-eksternal,Michael I.,5,,null,null,0,0
beli-harddisk-eksternal,trian P.,5,,null,null,0,0
beli-harddisk-eksternal,Jondri,5,,null,barang oke,0,0
beli-harddisk-eksternal,andi P.,4,,null,null,0,0
beli-harddisk-eksternal,Iyan Y.,5,,null,good,0,0
beli-harddisk-eksternal,yuli S.,5,,null,null,0,0
beli-harddisk-eksternal,LISA A.,5,,null,null,0,0
beli-harddisk-eksternal,Daryanto,5,,null,null,0,0
beli-harddisk-eksternal,Christtine N.,5,,null,null,0,0
beli-harddisk-eksternal,Lazada Customer,5,,null,mantap sesuai pesanan nih mah pokok nya joss,0,0
beli-harddisk-eksternal,Christtine N.,5,,null,null,0,0
beli-harddisk-eksternal,Denny V.,5,,,bagus dan sangat sesuai dengan kebutuhan,0,0
beli-harddisk-eksternal,Lucky,5,,Sip...Muantaf....Siap merekam acara TV UHD....,,0,0
beli-harddisk-eksternal,Teguh M.,4,,Mantap,"Lumayan dengan harga segitu, packing rapih, pengiriman cepat, semoga tidak ada kendala",3,3
beli-harddisk-eksternal,Lazada Guest,5,,Pengen,"Mudah mudahan bisa beli laptop mahals, kalo bisa beli asus rog aja wkwk",0,0
beli-harddisk-eksternal,Anonymous,5,,Kerenn,Pengen beli budget ga cukup,11,11
beli-harddisk-eksternal,Lazada Guest,4,,"Lumayan,tapi budget nyari 10jt kebawah","Yah lumayan lah,tapi saya ketemu ram 16gb ddr4 pake rx460 i7 6700hq malah 9 jutaan",1,1
beli-harddisk-eksternal,Lazada Guest,5,,"Pingin, tapi kagak ada uang : (","Tunggu gua jual lepi lama gua, ama ngutang tetangga sebelah, nanti gua beli",1,1
beli-harddisk-eksternal,Lazada Guest,4,,Apa speakernya JBL?,Apa produk aslinya sesuai dgn yg di gambar ini?,0,0
beli-harddisk-eksternal,Lazada Guest,5,,Keren,Dikantong cuma ada 15rb,0,0
beli-harddisk-eksternal,Jual A.,5,,Lima Bintang,,0,0
beli-harddisk-eksternal,.,2,,.,.,0,0
beli-harddisk-eksternal,Haji A.,4,,Empat Bintang,"Bagi Yang Minat Order/Pesan Barang Kami,Silahkan Add WhatsApp/WA.085200343400..Langsung Dari Reseller Toko..Terimah Kasih.",0,0
beli-harddisk-eksternal,devy s.,3,,Bagus,,0,0
beli-harddisk-eksternal,Putra M.,5,,null,Kecil banget ukurannya üòÇ tpi lucu sih..,0,0
beli-harddisk-eksternal,therecia f.,4,,Empat Bintang,,0,0
beli-harddisk-eksternal,Yunarto G.,5,,Harddisk tahan banting dengan standard Militer.,Harddisk tahan banting dengan standard Militer. ADATA udah jaminan mutu. Tidak diragukan lagi kualitas produknya.,0,0
beli-harddisk-eksternal,Gagas I.,5,,,sangat puas. barang sesuai.,0,0
beli-harddisk-eksternal,Lazada Guest,5,,Adata HD710,"I bought Adata HD710. This product is really awesome. I feel safe because this product is waterproof, Shockproof, and dustproof. I can save everything without worrying my data will lose. I have no more word to describe how incredible this product is. I just love it. It is nice product.",0,0
beli-harddisk-eksternal,Muhammad S.,5,,Lima Bintang,,3,3
beli-harddisk-eksternal,Fajar H.,5,,Barang dicoba lancar,"Saya sdh mengetes tv ini, baik siaran analog ataupun digital, juga internet sperti youtube atau pun situs berita dengan browser bawaan berjalan lancar. Yg belun berhasil dites adalah fitur MHL dan Screen Mirorring karena membutuhkan perangkat mobile yg mendukung fitur tsb.",0,0
beli-harddisk-eksternal,molly,4,,Mantap,"Responnya cepat, barangnya cepat sampai juga, terimakasih lazada",23,23
beli-harddisk-eksternal,furqon a.,5,,Excellent,Puass dengan pelayanan kencana electronic... Pelayanan ramah pingirimannya cepat...,1,1
beli-harddisk-eksternal,Syahkila,1,,TV ichico,Sya mau kembaliin produk TV ichico by yg kmrn yg psen trnyata pas smpai di rmh gambar ny ga ada suarany ad,3,3
beli-harddisk-eksternal,Lazada Guest,3,,Cicilan,Cara cicilan gimna?  Pake dp gk?,10,10
beli-harddisk-eksternal,Lazada Guest,1,,Kecewa,USB nya cm pormalitas doang gx bs d gunakn,7,7
beli-harddisk-eksternal,Agus S.,1,,Kecewa,Knapa pesanan sayadi batalkan??,58,58
beli-harddisk-eksternal,Lazada Guest,1,,Kecewa,Saya sangat2 kecewa banget kenapa sih udah di tranfer malah di batalin barang nya gmn sih lazada...,1,1
beli-harddisk-eksternal,Mul Y.,5,,Cepat,Responnya,1,1
beli-harddisk-eksternal,Lazada Guest,3,,Wow,Bang kalau + upgrade ram jadi total berapa?,18,18
beli-harddisk-eksternal,Tatang T.,4,,null,null,0,0
beli-harddisk-eksternal,BUNGA A.,5,,null,pengiriman cepat sekali dan barangnya sangat bagus. rekomended bgt tempat blanja nya,0,0
beli-harddisk-eksternal,Lazada Customer,5,,null,null,0,0
beli-harddisk-eksternal,Yosua J.,5,,null,"barang sudah sampai dengan kondisinya bagus dan sesuai dengan iklan,mantappp pokoknya... cma packingnya horor... alngkah baiknya jika di packing kayu agar lebih aman,",0,0
beli-harddisk-eksternal,Dadang S.,5,,null,uwuwww,0,0
beli-harddisk-eksternal,Meta P.,4,,Empat Bintang,,3,3
beli-harddisk-eksternal,Lazada Customer,5,,null,null,0,0
beli-harddisk-eksternal,Harita M.,5,,null,null,0,0
beli-harddisk-eksternal,ariyanto,5,,null,null,0,0
beli-harddisk-eksternal,Eko B.,5,,barang working. Ok.,null,0,0
beli-harddisk-eksternal,Made U.,5,,Bgus smpi skr swet,null,0,0
beli-harddisk-eksternal,Aksa N.,5,,Good,Good,0,0
beli-harddisk-eksternal,Made U.,4,,Bsgus,Bagus,0,0
beli-harddisk-eksternal,RD W.,3,,kwalitas suaranya belum teruji...,suaranya blm teruji,0,0
beli-harddisk-eksternal,Tri a.,5,,null,null,0,0
beli-harddisk-eksternal,Zharfan E.,1,,null,null,0,0
beli-harddisk-eksternal,Lazada Guest,5,,tanya,caranya gimana min kalau kredit cicilan,0,0
beli-harddisk-eksternal,Agus G.,5,,excellent,nice product,0,0
beli-harddisk-eksternal,Lazada Guest,5,,Excellent,Excellent,1,1
beli-harddisk-eksternal,Komang A.,5,,Barang Sesuai Dengan Iklan,"Barang Sesuai Dengan Iklan , Spesifikasi cocok",1,1
beli-harddisk-eksternal,Rizki B.,5,,,Laptop sudah diterima. Barang bagus sesuai spec. Kurangnya hanya belum di install microsoft office.,0,0
beli-harddisk-eksternal,Lazada Customer,5,,null,null,0,0
beli-harddisk-eksternal,rahmat h.,5,,Lima Bintang,,0,0
beli-harddisk-eksternal,Choirul M.,5,,Puas,Pelayan Bagus ... Barang sesuai Harapan .. Bagus ... terimakasih ya,0,0
beli-harddisk-eksternal,Deddy M.,4,,null,Mantab lahh...Pengiriman cepat...,0,0
beli-harddisk-eksternal,Budhie S.,3,,null,null,0,0
beli-harddisk-eksternal,Ajus N.,5,,null,null,0,0
beli-harddisk-eksternal,Lazada Customer,5,,null,Barang bagus. Tks banyak... üëçüôè,0,0
beli-harddisk-eksternal,agung I.,5,,null,"barangnya ok,, cpt smpainya, thanks lazada",0,0
beli-harddisk-eksternal,fuad N.,4,,null,null,0,0
beli-harddisk-eksternal,Lazada Customer,5,,null,Joss,1,1
beli-harddisk-eksternal,Lazada Customer,5,,null,null,0,0
beli-harddisk-eksternal,waskim A.,5,,null,null,0,0
beli-harddisk-eksternal,Lazada Customer,4,,null,null,0,0
beli-harddisk-eksternal,Lazada Customer,5,,null,null,0,0
beli-harddisk-eksternal,Lazada Customer,5,,null,null,0,0
beli-harddisk-eksternal,Lazada Customer,5,,null,null,0,0
beli-harddisk-eksternal,yosci m.,5,,null,null,0,0
beli-harddisk-eksternal,adiska R.,5,,null,baik berfungsi dengan baikkk,0,0
beli-harddisk-eksternal,Hendra S.,5,,Sip,Produk telah tiba sesuai estimasi.. pelayanan pemjual jiga baik.. semoga barangnya awet,2,2
beli-harddisk-eksternal,Iksan A.,5,,,barang ok respon ok,2,2
beli-harddisk-eksternal,Rahmat h.,5,,Pemesanan,Saya pesan 1 jika stok ada hubungi 081280358882,0,0
beli-harddisk-eksternal,agus,2,,Update stok,"Tertera di depan masih ada stok, setelah di klik beli terjadi kesalahan. Mohon diperbaiki",5,5
beli-harddisk-eksternal,Lazada Guest,5,,Beli,Semoga memuaskan,0,0
beli-harddisk-eksternal,Lazada Guest,3,,memori,ini memori nya brp gb ya tolong di jawab,0,0
beli-harddisk-eksternal,Doni S.,5,,Pengiriman cepat dan rapi.,"Saya juga dapat bonus tas Dell 14"" tapi tasnya standar (kisaran tas2 harga 80rb)",1,1
beli-harddisk-eksternal,Lazada Guest,5,,Kredit,Saya mau nanya klo bayar pake cicilan gimana caranya gan??,17,17
beli-harddisk-eksternal,Lazada Customer,5,,null,ga bisa untuk save PDF file,0,0
beli-harddisk-eksternal,Lazada Customer,4,,null,keren laptopnya rekomendasi bgt ini selulernya pun baik bgt top pokonya,0,0
beli-harddisk-eksternal,Tri H.,5,,null,barang bagus admin nya ramah dan cantik thanks dd,0,0
beli-harddisk-eksternal,hukman t.,5,,Barang bagus,Barang bagus,0,0
beli-harddisk-eksternal,Ahmad F.,2,,Toshiba laptop,Bisa bayar ditempat?,1,1
beli-harddisk-eksternal,Harky A.,3,,,Ini Widows apa ya?,1,1
beli-harddisk-eksternal,Lazada Guest,1,,Yyy,Dd,0,0
beli-harddisk-eksternal,Lazada Customer,5,,null,null,0,0
beli-harddisk-eksternal,Muhammad T.,1,,,Flashdisk nya cepat rusak cuman bisa nyimpan beberapa film saja gimana ni,0,0
beli-harddisk-eksternal,Lazada Customer,5,,null,null,0,0
beli-harddisk-eksternal,Muchammad N.,3,,"terima kasih lazada, barang sdh kami terima",null,0,0
beli-harddisk-eksternal,Lazada Guest,3,,Laptop,Laptop nya sudah saya terima dan packing nya bagus tanpa sedikit cacat.ThanksLazada,0,0
beli-harddisk-eksternal,Ambar s.,5,,Barang siiip pengiriman cepat,Puas banget sama pelayanan seller nya barang sesuai pesanan dan cepat sampai Seller nya rekomended Thank's,0,0
beli-harddisk-eksternal,Lazada Guest,5,,Lenovo 'KidRock',"Produk Lenovo Ideapad ini sangat disukai anak saya, karena kecepatannya cukup memuaskan. Keypad nya nyaman, warnanya sporty sekali. Sesuai banget buat tugas-tugas sekolah anak. Pokonya nge-rock....!!",1,1
beli-harddisk-eksternal,Lina,2,,null,null,0,0
beli-harddisk-eksternal,Dian R.,5,,"Barang bagus, pengiriman cepat..",Barang diterima sesuai dengan spek yang diberikan. Harga murah dengan spek yang diberikan. Terima kasih Lazada,9,9
beli-harddisk-eksternal,Bayu,5,,Recommend,1.5 hari barang langsung sampai dari surabaya ke bandung..  barang ok saya install ubuntu tanpa kendala buat ngodin.. thx..,6,6
beli-harddisk-eksternal,Danar D.,5,,Lima Bintang,Barang bagus sesuai deskripsi tapi segel di dusnya sepertinya udah terbuka tetapi laptopnya mulus dan bagus,2,2
beli-harddisk-eksternal,Steve A.,4,,Recomend,"Product nya sudah diterima dengan baik, mulus no scratch, no dent, Thanks, klo garansi ke sssc jakarta bisa kan?",0,0
beli-harddisk-eksternal,faisal r.,5,,null,null,0,0
beli-harddisk-eksternal,faisal r.,5,,null,null,0,0
beli-harddisk-eksternal,faisal r.,5,,null,null,0,0
beli-harddisk-eksternal,Faiz K.,5,,bagus!!,"sampai sesuai dengan waktu yang ditentukan,, barang bagus,, packing bagus",14,14
beli-harddisk-eksternal,sanusi,4,,Bagus,"Barang dateng cepat, mulus ga ada cacat ty",1,1
beli-harddisk-eksternal,Yulius S.,4,,Barang bagus,Barang bagus dan mulus sesuai dengan yang di jual. tapi kenapa segel udah kebuka ya?,0,0
beli-harddisk-eksternal,Ilham F.,4,,Ntabss..,Brg sudh smpe dengan selamat. Beserta bonus2 nya.. Terimakasih banyak. Sukses teruss..,0,0
beli-harddisk-eksternal,Lidya O.,5,,null,null,0,0
beli-harddisk-eksternal,Lazada Guest,4,,informasi produk,halo mau tanya.  barang garansi lenovo resmi?,17,17
beli-harddisk-eksternal,Lazada Guest,1,,Tanya os,Os sudah terisi kan. Kalau sdh pakai os win berapa gan?,7,7
beli-harddisk-eksternal,Gilang T.,5,,null,null,0,0
beli-harddisk-eksternal,Haryadi,5,,Bagus,Laptopnya bagus..  tanpa kendala sedikitpun,2,2
beli-harddisk-eksternal,Poppy,5,,Mantap,"Barang nyampai sesuai jadwal, packing bagus, kondisi laptop bagus..jos lah pokoknya",1,1
beli-harddisk-eksternal,Rega K.,5,,Vga,Ini vga nya sudah  dual grafik VGA kah?,0,0
beli-harddisk-eksternal,yasir D.,1,,lenovo,kenapa pesanan saya mostnya tidak dikasih..saya merasa rugi...,0,0
beli-harddisk-eksternal,Lazada Guest,4,,Kredit,Bisa dicicil ga,0,0
beli-harddisk-eksternal,Haji A.,5,,Lima Bintang,"Bagi Yang Minat Order/Pesan Barang Kami,Silahkan Add WhatsApp/WA.085200343400..Langsung Dari Reseller Toko..Terimah Kasih.",0,0
beli-harddisk-eksternal,Omben S.,5,,null,"pengiriman cepat, barang sesuai gambar dan pengemasan baik dan rapi",0,0
beli-harddisk-eksternal,Namar N.,5,,null,mantap  pengiriman cepat.,0,0
beli-harddisk-eksternal,Lukman,5,,null,"Barangnya bagus sesuai pesanan,packingnya rapih barang dua duanya bagus tdk ada masalah,terimakasih lazada,terimakasih sellerüëçüëçüëç",0,0
beli-harddisk-eksternal,shendy,4,,Tv LED,"Gambar jernih, suara kenceng, pengaturan menu lengkap dan mudah, pengiriman cepat cuma 1 hari. Terima kasih.",24,24
beli-harddisk-eksternal,muhamad s.,1,,Pesanan belom diterim,Mau tanya bagaimana pesanan saya .. notifikasi di akun barang sudah sampai tapi hari ini saya belom terima padahal pengirimannya pake gojek tolong di cek kembali ...,0,0
beli-harddisk-eksternal,Hery S.,3,,Kiriman tepat waktu,"Trims lazada. Paket pembelian Tv kami telah sampai ketujuan tepat waktu, Tanpa cacat sedikit pun.",7,7
beli-harddisk-eksternal,Lazada Customer,5,,Puas,Barang cepet dateng dan oke,0,0
beli-harddisk-eksternal,Ai a.,1,,Produk kualitas zooonk,Baru berapa bulan tv mati gak jelas.,0,0
beli-harddisk-eksternal,Asep S.,4,,Empat Bintang,barang sudah smpe gan.. thanks yaa...,0,0
beli-harddisk-eksternal,Ai A.,4,,Lumayan bagus,"Udah sampai, saya puas walaupun pengirimannya sedikit telat dan abang kurirnya  nyolot ngotot gara-gara nyari nama saya gak ada yang knal, udah cape nanya nama saya ..baru nlp. Harusnya tlp dulu biar pasti walaupun alamat kurang lngkap. Thanks lazada",1,1
beli-harddisk-eksternal,Irzal,4,,Empat Bintang,"Tv nya utuh, bagus tapi klo bisa pakingnya pake kayu biar lebih aman",0,0
beli-harddisk-eksternal,Meli m.,4,,Barang bagus,Pesen sehari langsung sampai... Barang sesuai pesanan ...  Barang diterima dalam kondisi baik. Terimakasih ....,1,1
beli-harddisk-eksternal,retno W.,5,,null,null,1,1
beli-harddisk-eksternal,Lazzadae,1,,Satu bintang,Bagi Yang Minat Order/Pesan Barang Kami.Untuk Lebih Lanjut Silakan add Whatsapp/WA 085342633687 Langsung Dari Resseller Toko...pengirima free ongkir se indonesia.Terimah Kasih...!!!,0,0
beli-harddisk-eksternal,Haji A.,1,,Satu bintang,"Bagi Yang Minat Order/Pesan Barang Kami, Untuk Lebih Memastikan Silahkan Add WhatsApp/WA 085200343400..Langsung Dari Reseller Toko..Terimah Kasih.",0,0
beli-harddisk-eksternal,Ai A.,3,,Gak konsisten,Barang hari ini pesen di anternya juga hari ini tapi mana ??  Di tunggu 24jam gak ad !@ Saya pesan dan tf tgl 2 jam 7 pagi  Tolong dong. Gojek nya juga susah di hubungi,0,0
beli-harddisk-eksternal,Lazada Guest,4,,Pesanan kilat go jek,"Kok belum sampe yah... ktnya sehari nyampe. Tapi sampe sekarang belum ada, abang gojek nya juga gak ada kompirmasu.",0,0
beli-harddisk-eksternal,didi D.,5,,null,null,0,0
beli-harddisk-eksternal,Adri,4,,Tanya Fitur Produk,"Klo untuk seri TV ini , Apakah support untuk  memutar file video via port USB.? Kalau iya, format file jenis APA sja. Thnks",0,0
beli-harddisk-eksternal,maya p.,2,,null,null,0,0
beli-harddisk-eksternal,Lazada Customer,5,,null,mantap,0,0
beli-harddisk-eksternal,Nafi,4,,null,null,0,0
beli-harddisk-eksternal,ADI H.,5,,null,null,0,0
beli-harddisk-eksternal,Risally D.,5,,Bisa kredit gak?,Gmn cara kalo mau kredit nya,8,8
beli-harddisk-eksternal,Lazada Guest,4,,Pertanyaan.,"Pgen  kridit yanpa kartu kridit,tp g tau caray.tolong bantuany?",0,0
beli-harddisk-eksternal,Lazada Guest,5,,Cara y gimana cicilan nya,Ini bisa di kredit ya,8,8
beli-harddisk-eksternal,Lazada Guest,3,,Cicilan,Maaf gan/sist  Sya mau tanya soal cicil gimana cara ya..,6,6
beli-harddisk-eksternal,Lazada Guest,3,,pesan barang yg asli,harus yg asli,16,16
beli-harddisk-eksternal,Lazada Guest,4,,Bertanya,Apakah ada port audio vidio output dan input? Makasih,3,3
beli-harddisk-eksternal,Lazada Guest,4,,Tanya cicilan,Kalo cara bayarnya buat cicilan gimana yaa gan??,0,0
beli-harddisk-eksternal,NauVaL M.,1,,Bohong,Masa sya pesen 9agustus kode voc ia gx bisa d pake trus gmna ni penanganan ia mkcy,2,2
beli-harddisk-eksternal,Lazada Guest,2,,Cara mencicilnya gmna? Klw gak ad kartu kredit,Cara mencicilnya gmna?klw gak ad kartu kredit,0,0
beli-harddisk-eksternal,Lazada Guest,5,,Beda dengan yg 170i,Gan ini apa bedanya dgn yg sharp aquos 170i ya?,0,0
beli-harddisk-eksternal,Ayat A.,5,,null,null,0,0
beli-harddisk-eksternal,Lazada Guest,1,,T,Kalo cicilan syarat y ap saja...,1,1
beli-harddisk-eksternal,Lazada Guest,5,,Luar kota bisa ?,Kalo d luar jabodetabek bisa g?,0,0
beli-harddisk-eksternal,Lazada Guest,4,,pesan tv lcd,maux yang asli,0,0
beli-harddisk-eksternal,Emylia I.,5,,suara jerni gambar bagus..sekarang udah naik ya.,puasa q beli 1349000,0,0
beli-harddisk-eksternal,Lazada Guest,5,,Tepat waktu,Barang pesanan sesuai paking rapih,0,0
beli-harddisk-eksternal,Lazada Guest,5,,pesananan,barang asli,0,0
beli-harddisk-eksternal,Lazada Guest,4,,tv lcd,yang asli,0,0
beli-harddisk-eksternal,Wulan,5,,null,null,0,0
beli-harddisk-eksternal,Rudy S.,5,,"Mantap, laptop dengan resolusi dan kecepatan tinggi sudah menjadi idaman saya.",null,1,1
beli-harddisk-eksternal,Sulyono H.,5,,,nice,0,0
beli-harddisk-eksternal,Oinike S.,1,,Produk tidak dapat difungsikan,"Kami menggunakan windows 10 sedangkan  yang dikirim adalah produk untuk windows dibawahnya, dan kamipun sudah mencoba untuk masuk ke windows 7 namun tetap tidak bisa digunakan, kami minta pengembalian dana saja. karna ternyata produk ini tidak sesuai harapan kami.",2,2
beli-harddisk-eksternal,Budijono,5,,null,Barang bagus. Dilihat nyamping tdak jelas.,0,0
beli-harddisk-eksternal,sansiro a.,3,,apakah pengiriman nya cepat,kira kira brp lama nyampe k tempat saya kak..kalo terjadi masalah pada pengiriman gimana semacam rusak or pecah,69,69
